LS,Level,Section,Row,Seat,Seat Status Code,Price Level Code,Item Price
S:1:11:12,S,1,11,12,s,18,0
S:3:11:11,S,3,11,11,s,18,0
S:3:11:12,S,3,11,12,s,18,0
S:1:11:11,S,1,11,11,s,18,0
S:1:11:10,S,1,11,10,s,18,0
S:1:11:9,S,1,11,9,s,18,0
S:1:11:8,S,1,11,8,s,18,0
S:1:11:7,S,1,11,7,s,18,0
S:1:11:6,S,1,11,6,s,18,0
S:1:11:5,S,1,11,5,s,18,0
S:1:11:4,S,1,11,4,s,18,0
S:1:11:3,S,1,11,3,s,18,0
S:1:11:2,S,1,11,2,s,18,0
S:1:11:1,S,1,11,1,s,18,0
S:1:10:15,S,1,10,15,s,18,0
S:1:10:14,S,1,10,14,s,18,0
S:1:10:13,S,1,10,13,s,18,0
S:1:10:12,S,1,10,12,s,18,0
S:1:10:11,S,1,10,11,s,18,0
S:1:10:10,S,1,10,10,s,18,0
S:1:10:9,S,1,10,9,s,18,0
S:1:10:8,S,1,10,8,s,18,0
S:1:10:7,S,1,10,7,s,18,0
S:1:10:6,S,1,10,6,s,18,0
S:1:10:5,S,1,10,5,s,18,0
S:5:11:5,S,5,11,5,s,18,0
S:5:11:6,S,5,11,6,s,18,0
S:5:11:7,S,5,11,7,s,18,0
S:5:11:8,S,5,11,8,s,18,0
S:5:11:9,S,5,11,9,s,18,0
S:5:11:10,S,5,11,10,s,18,0
S:5:11:11,S,5,11,11,s,18,0
S:5:11:12,S,5,11,12,s,18,0
S:1:10:4,S,1,10,4,s,18,0
S:1:10:3,S,1,10,3,s,18,0
S:1:10:2,S,1,10,2,s,18,0
S:6:11:1,S,6,11,1,s,18,0
S:6:11:2,S,6,11,2,s,18,0
S:6:11:3,S,6,11,3,s,18,0
S:6:11:4,S,6,11,4,s,18,0
S:6:11:5,S,6,11,5,s,18,0
S:6:11:6,S,6,11,6,s,18,0
S:6:11:7,S,6,11,7,s,18,0
S:6:11:8,S,6,11,8,s,18,0
S:6:11:9,S,6,11,9,s,18,0
S:6:11:10,S,6,11,10,s,18,0
S:6:11:11,S,6,11,11,s,18,0
S:6:11:12,S,6,11,12,s,18,0
S:6:11:13,S,6,11,13,s,18,0
S:6:11:14,S,6,11,14,s,18,0
S:6:11:15,S,6,11,15,s,18,0
S:7:11:1,S,7,11,1,K,18,0
S:7:11:2,S,7,11,2,K,18,0
S:7:11:3,S,7,11,3,K,18,0
S:7:11:4,S,7,11,4,K,18,0
S:7:11:5,S,7,11,5,K,18,0
S:7:11:6,S,7,11,6,K,18,0
S:7:11:7,S,7,11,7,K,18,0
S:7:11:8,S,7,11,8,K,18,0
S:7:11:9,S,7,11,9,K,18,0
S:7:11:10,S,7,11,10,K,18,0
S:7:11:11,S,7,11,11,K,18,0
S:7:11:12,S,7,11,12,K,18,0
S:1:10:1,S,1,10,1,s,18,0
S:1:1:15,S,1,1,15,s,18,0
S:1:1:14,S,1,1,14,s,18,0
S:1:1:13,S,1,1,13,s,18,0
S:1:1:12,S,1,1,12,s,18,0
S:1:1:11,S,1,1,11,s,18,0
S:1:1:10,S,1,1,10,s,18,0
S:1:1:9,S,1,1,9,s,18,0
S:1:1:8,S,1,1,8,s,18,0
S:1:1:7,S,1,1,7,s,18,0
S:1:1:6,S,1,1,6,s,18,0
S:1:1:5,S,1,1,5,s,18,0
S:1:1:4,S,1,1,4,s,18,0
S:1:1:3,S,1,1,3,s,18,0
S:1:1:2,S,1,1,2,s,18,0
S:1:1:1,S,1,1,1,s,18,0
S:3:11:10,S,3,11,10,s,18,0
S:3:11:9,S,3,11,9,s,18,0
S:9:11:1,S,9,11,1,K,18,0
S:9:11:2,S,9,11,2,K,18,0
S:9:11:3,S,9,11,3,K,18,0
S:9:11:4,S,9,11,4,K,18,0
S:9:11:5,S,9,11,5,K,18,0
S:9:11:6,S,9,11,6,K,18,0
S:9:11:7,S,9,11,7,K,18,0
S:9:11:8,S,9,11,8,K,18,0
S:9:11:9,S,9,11,9,K,18,0
S:9:11:10,S,9,11,10,K,18,0
S:9:11:11,S,9,11,11,K,18,0
S:9:11:12,S,9,11,12,K,18,0
S:3:11:8,S,3,11,8,s,18,0
S:3:11:7,S,3,11,7,s,18,0
S:3:11:6,S,3,11,6,s,18,0
S:1:12:1,S,1,12,1,s,18,0
S:1:12:2,S,1,12,2,s,18,0
S:1:12:3,S,1,12,3,s,18,0
S:1:12:4,S,1,12,4,s,18,0
S:1:12:5,S,1,12,5,s,18,0
S:1:12:6,S,1,12,6,s,18,0
S:1:12:7,S,1,12,7,s,18,0
S:1:12:8,S,1,12,8,s,18,0
S:1:12:9,S,1,12,9,s,18,0
S:1:12:10,S,1,12,10,s,18,0
S:1:12:11,S,1,12,11,s,18,0
S:1:12:12,S,1,12,12,s,18,0
S:1:12:13,S,1,12,13,s,18,0
S:1:12:14,S,1,12,14,s,18,0
S:1:12:15,S,1,12,15,s,18,0
S:10:12:1,S,10,12,1,K,18,0
S:10:12:2,S,10,12,2,K,18,0
S:10:12:3,S,10,12,3,K,18,0
S:10:12:4,S,10,12,4,K,18,0
S:10:12:5,S,10,12,5,K,18,0
S:10:12:6,S,10,12,6,K,18,0
S:10:12:7,S,10,12,7,K,18,0
S:10:12:8,S,10,12,8,K,18,0
S:10:12:9,S,10,12,9,K,18,0
S:10:12:10,S,10,12,10,K,18,0
S:3:11:5,S,3,11,5,s,18,0
S:3:11:4,S,3,11,4,s,18,0
S:3:11:3,S,3,11,3,s,18,0
S:3:11:2,S,3,11,2,s,18,0
S:3:11:1,S,3,11,1,s,18,0
S:11:12:1,S,11,12,1,K,18,0
S:11:12:2,S,11,12,2,K,18,0
S:11:12:3,S,11,12,3,K,18,0
S:2:11:3,S,2,11,3,s,18,0
S:2:11:2,S,2,11,2,s,18,0
S:2:11:1,S,2,11,1,s,18,0
S:11:11:15,S,11,11,15,K,18,0
S:11:11:14,S,11,11,14,K,18,0
S:11:11:13,S,11,11,13,K,18,0
S:11:11:12,S,11,11,12,K,18,0
S:11:11:11,S,11,11,11,K,18,0
S:11:11:10,S,11,11,10,K,18,0
S:11:11:9,S,11,11,9,K,18,0
S:11:11:8,S,11,11,8,K,18,0
S:11:11:7,S,11,11,7,K,18,0
S:11:11:6,S,11,11,6,K,18,0
S:11:11:5,S,11,11,5,K,18,0
S:11:11:4,S,11,11,4,K,18,0
S:11:11:3,S,11,11,3,K,18,0
S:11:11:2,S,11,11,2,K,18,0
S:11:11:1,S,11,11,1,K,18,0
S:10:11:15,S,10,11,15,K,18,0
S:10:11:14,S,10,11,14,K,18,0
S:10:11:13,S,10,11,13,K,18,0
S:10:11:12,S,10,11,12,K,18,0
S:10:11:11,S,10,11,11,K,18,0
S:10:11:10,S,10,11,10,K,18,0
S:10:11:9,S,10,11,9,K,18,0
S:10:11:8,S,10,11,8,K,18,0
S:10:11:7,S,10,11,7,K,18,0
S:3:12:1,S,3,12,1,s,18,0
S:3:12:2,S,3,12,2,s,18,0
S:3:12:3,S,3,12,3,s,18,0
S:3:12:4,S,3,12,4,s,18,0
S:3:12:5,S,3,12,5,s,18,0
S:3:12:6,S,3,12,6,s,18,0
S:3:12:7,S,3,12,7,s,18,0
S:3:12:8,S,3,12,8,s,18,0
S:3:12:9,S,3,12,9,s,18,0
S:3:12:10,S,3,12,10,s,18,0
S:3:12:11,S,3,12,11,s,18,0
S:3:12:12,S,3,12,12,s,18,0
S:3:12:13,S,3,12,13,s,18,0
S:3:12:14,S,3,12,14,s,18,0
S:3:12:15,S,3,12,15,s,18,0
S:4:12:1,S,4,12,1,s,18,0
S:4:12:2,S,4,12,2,s,18,0
S:4:12:3,S,4,12,3,s,18,0
S:4:12:4,S,4,12,4,s,18,0
S:4:12:5,S,4,12,5,s,18,0
S:4:12:6,S,4,12,6,s,18,0
S:10:11:6,S,10,11,6,K,18,0
S:10:11:5,S,10,11,5,K,18,0
S:10:11:4,S,10,11,4,K,18,0
S:10:11:3,S,10,11,3,K,18,0
S:10:11:2,S,10,11,2,K,18,0
S:10:11:1,S,10,11,1,K,18,0
S:1:11:15,S,1,11,15,s,18,0
S:1:11:14,S,1,11,14,s,18,0
S:1:11:13,S,1,11,13,s,18,0
S:5:12:1,S,5,12,1,s,18,0
S:5:12:2,S,5,12,2,s,18,0
S:5:12:3,S,5,12,3,s,18,0
S:5:12:4,S,5,12,4,s,18,0
S:5:12:5,S,5,12,5,s,18,0
S:5:12:6,S,5,12,6,s,18,0
S:5:12:7,S,5,12,7,s,18,0
S:5:12:8,S,5,12,8,s,18,0
S:5:12:9,S,5,12,9,s,18,0
S:5:12:10,S,5,12,10,s,18,0
S:5:12:11,S,5,12,11,s,18,0
S:5:12:12,S,5,12,12,s,18,0
S:5:12:13,S,5,12,13,s,18,0
S:5:12:14,S,5,12,14,s,18,0
S:5:12:15,S,5,12,15,s,18,0
S:6:12:1,S,6,12,1,s,18,0
S:6:12:2,S,6,12,2,s,18,0
S:6:12:3,S,6,12,3,s,18,0
S:6:12:4,S,6,12,4,s,18,0
S:6:12:5,S,6,12,5,s,18,0
S:6:12:6,S,6,12,6,s,18,0
S:6:12:7,S,6,12,7,s,18,0
S:6:12:8,S,6,12,8,s,18,0
S:6:12:9,S,6,12,9,s,18,0
S:6:12:10,S,6,12,10,s,18,0
S:6:12:11,S,6,12,11,s,18,0
S:6:12:12,S,6,12,12,s,18,0
S:6:12:13,S,6,12,13,s,18,0
S:6:12:14,S,6,12,14,s,18,0
S:6:12:15,S,6,12,15,s,18,0
S:7:12:1,S,7,12,1,K,18,0
S:7:12:2,S,7,12,2,K,18,0
S:3:11:13,S,3,11,13,s,18,0
S:3:11:14,S,3,11,14,s,18,0
S:3:11:15,S,3,11,15,s,18,0
S:4:11:1,S,4,11,1,s,18,0
S:4:11:2,S,4,11,2,s,18,0
S:4:11:3,S,4,11,3,s,18,0
S:4:11:4,S,4,11,4,s,18,0
S:4:11:5,S,4,11,5,s,18,0
S:4:11:6,S,4,11,6,s,18,0
S:4:11:7,S,4,11,7,s,18,0
S:4:11:8,S,4,11,8,s,18,0
S:4:11:9,S,4,11,9,s,18,0
S:9:10:15,S,9,10,15,K,18,0
S:9:10:14,S,9,10,14,K,18,0
S:9:10:13,S,9,10,13,K,18,0
S:9:10:12,S,9,10,12,K,18,0
S:9:10:11,S,9,10,11,K,18,0
S:9:10:10,S,9,10,10,K,18,0
S:9:10:9,S,9,10,9,K,18,0
S:9:10:8,S,9,10,8,K,18,0
S:9:10:7,S,9,10,7,K,18,0
S:9:10:6,S,9,10,6,K,18,0
S:9:10:5,S,9,10,5,K,18,0
S:9:10:4,S,9,10,4,K,18,0
S:9:10:3,S,9,10,3,K,18,0
S:9:10:2,S,9,10,2,K,18,0
S:9:10:1,S,9,10,1,K,18,0
S:7:10:15,S,7,10,15,K,18,0
S:7:10:14,S,7,10,14,K,18,0
S:7:10:13,S,7,10,13,K,18,0
S:7:10:12,S,7,10,12,K,18,0
S:7:10:11,S,7,10,11,K,18,0
S:7:10:10,S,7,10,10,K,18,0
S:7:10:9,S,7,10,9,K,18,0
S:7:10:8,S,7,10,8,K,18,0
S:7:10:7,S,7,10,7,K,18,0
S:7:10:6,S,7,10,6,K,18,0
S:7:10:5,S,7,10,5,K,18,0
S:7:10:4,S,7,10,4,K,18,0
S:7:10:3,S,7,10,3,K,18,0
S:7:10:2,S,7,10,2,K,18,0
S:7:10:1,S,7,10,1,K,18,0
S:6:10:15,S,6,10,15,s,18,0
S:5:10:15,S,5,10,15,s,18,0
S:5:10:14,S,5,10,14,s,18,0
S:5:10:13,S,5,10,13,s,18,0
S:5:10:12,S,5,10,12,s,18,0
S:5:10:11,S,5,10,11,s,18,0
S:5:10:10,S,5,10,10,s,18,0
S:5:10:9,S,5,10,9,s,18,0
S:5:10:8,S,5,10,8,s,18,0
S:5:10:7,S,5,10,7,s,18,0
S:5:10:6,S,5,10,6,s,18,0
S:5:10:5,S,5,10,5,s,18,0
S:5:10:4,S,5,10,4,s,18,0
S:5:10:3,S,5,10,3,s,18,0
S:5:10:2,S,5,10,2,s,18,0
S:5:10:1,S,5,10,1,s,18,0
S:4:10:15,S,4,10,15,s,18,0
S:4:10:14,S,4,10,14,s,18,0
S:4:10:13,S,4,10,13,s,18,0
S:4:10:12,S,4,10,12,s,18,0
S:4:10:11,S,4,10,11,s,18,0
S:4:10:10,S,4,10,10,s,18,0
S:4:10:9,S,4,10,9,s,18,0
S:4:10:8,S,4,10,8,s,18,0
S:4:10:7,S,4,10,7,s,18,0
S:4:10:6,S,4,10,6,s,18,0
S:4:10:5,S,4,10,5,s,18,0
S:4:10:4,S,4,10,4,s,18,0
S:4:10:3,S,4,10,3,s,18,0
S:4:10:2,S,4,10,2,s,18,0
S:4:10:1,S,4,10,1,s,18,0
S:3:10:15,S,3,10,15,s,18,0
S:3:10:14,S,3,10,14,s,18,0
S:3:10:13,S,3,10,13,s,18,0
S:3:10:12,S,3,10,12,s,18,0
S:3:10:11,S,3,10,11,s,18,0
S:3:10:10,S,3,10,10,s,18,0
S:3:10:9,S,3,10,9,s,18,0
S:3:10:8,S,3,10,8,s,18,0
S:3:10:7,S,3,10,7,s,18,0
S:3:10:6,S,3,10,6,s,18,0
S:3:10:5,S,3,10,5,s,18,0
S:3:10:4,S,3,10,4,s,18,0
S:3:10:3,S,3,10,3,s,18,0
S:3:10:2,S,3,10,2,s,18,0
S:3:10:1,S,3,10,1,s,18,0
S:2:10:15,S,2,10,15,s,18,0
S:2:10:14,S,2,10,14,s,18,0
S:2:10:13,S,2,10,13,s,18,0
S:2:10:12,S,2,10,12,s,18,0
S:2:10:11,S,2,10,11,s,18,0
S:2:10:10,S,2,10,10,s,18,0
S:2:10:9,S,2,10,9,s,18,0
S:2:10:8,S,2,10,8,s,18,0
S:2:10:7,S,2,10,7,s,18,0
S:2:10:6,S,2,10,6,s,18,0
S:2:10:5,S,2,10,5,s,18,0
S:2:10:4,S,2,10,4,s,18,0
S:2:10:3,S,2,10,3,s,18,0
S:2:10:2,S,2,10,2,s,18,0
S:2:10:1,S,2,10,1,s,18,0
S:11:10:15,S,11,10,15,K,18,0
S:11:10:14,S,11,10,14,K,18,0
S:11:10:13,S,11,10,13,K,18,0
S:11:10:12,S,11,10,12,K,18,0
S:11:10:11,S,11,10,11,K,18,0
S:11:10:10,S,11,10,10,K,18,0
S:11:10:9,S,11,10,9,K,18,0
S:11:10:8,S,11,10,8,K,18,0
S:11:10:7,S,11,10,7,K,18,0
S:11:10:6,S,11,10,6,K,18,0
S:11:10:5,S,11,10,5,K,18,0
S:11:10:4,S,11,10,4,K,18,0
S:11:10:3,S,11,10,3,K,18,0
S:11:10:2,S,11,10,2,K,18,0
S:11:10:1,S,11,10,1,K,18,0
S:10:10:15,S,10,10,15,K,18,0
S:10:10:14,S,10,10,14,K,18,0
S:10:10:13,S,10,10,13,K,18,0
S:4:11:10,S,4,11,10,s,18,0
S:4:11:11,S,4,11,11,s,18,0
S:4:11:12,S,4,11,12,s,18,0
S:4:11:13,S,4,11,13,s,18,0
S:4:11:14,S,4,11,14,s,18,0
S:4:11:15,S,4,11,15,s,18,0
S:5:11:1,S,5,11,1,s,18,0
S:5:11:2,S,5,11,2,s,18,0
S:5:11:3,S,5,11,3,s,18,0
S:5:11:4,S,5,11,4,s,18,0
S:5:11:13,S,5,11,13,s,18,0
S:5:11:14,S,5,11,14,s,18,0
S:5:11:15,S,5,11,15,s,18,0
S:9:1:15,S,9,1,15,K,18,0
S:9:1:14,S,9,1,14,K,18,0
S:9:1:13,S,9,1,13,K,18,0
S:9:1:12,S,9,1,12,K,18,0
S:9:1:11,S,9,1,11,K,18,0
S:9:1:10,S,9,1,10,K,18,0
S:9:1:9,S,9,1,9,K,18,0
S:9:1:8,S,9,1,8,K,18,0
S:9:1:7,S,9,1,7,K,18,0
S:9:1:6,S,9,1,6,K,18,0
S:9:1:5,S,9,1,5,K,18,0
S:9:1:4,S,9,1,4,K,18,0
S:9:1:3,S,9,1,3,K,18,0
S:9:1:2,S,9,1,2,K,18,0
S:9:1:1,S,9,1,1,K,18,0
S:8:1:5,S,8,1,5,K,18,0
S:8:1:4,S,8,1,4,K,18,0
S:8:1:3,S,8,1,3,K,18,0
S:8:1:2,S,8,1,2,K,18,0
S:8:1:1,S,8,1,1,K,18,0
S:7:1:15,S,7,1,15,s,18,0
S:7:1:14,S,7,1,14,s,18,0
S:7:1:13,S,7,1,13,s,18,0
S:7:1:12,S,7,1,12,s,18,0
S:7:1:11,S,7,1,11,s,18,0
S:7:1:10,S,7,1,10,s,18,0
S:7:1:9,S,7,1,9,s,18,0
S:7:1:8,S,7,1,8,s,18,0
S:7:1:7,S,7,1,7,s,18,0
S:7:1:6,S,7,1,6,s,18,0
S:7:1:5,S,7,1,5,s,18,0
S:7:1:4,S,7,1,4,s,18,0
S:7:1:3,S,7,1,3,s,18,0
S:7:1:2,S,7,1,2,s,18,0
S:7:1:1,S,7,1,1,s,18,0
S:5:1:15,S,5,1,15,s,18,0
S:5:1:14,S,5,1,14,s,18,0
S:5:1:13,S,5,1,13,s,18,0
S:5:1:12,S,5,1,12,s,18,0
S:5:1:11,S,5,1,11,s,18,0
S:5:1:10,S,5,1,10,s,18,0
S:5:1:9,S,5,1,9,s,18,0
S:5:1:8,S,5,1,8,s,18,0
S:5:1:7,S,5,1,7,s,18,0
S:5:1:6,S,5,1,6,s,18,0
S:5:1:5,S,5,1,5,s,18,0
S:5:1:4,S,5,1,4,s,18,0
S:5:1:3,S,5,1,3,s,18,0
S:5:1:2,S,5,1,2,s,18,0
S:5:1:1,S,5,1,1,s,18,0
S:4:1:15,S,4,1,15,s,18,0
S:4:1:14,S,4,1,14,s,18,0
S:4:1:13,S,4,1,13,s,18,0
S:4:1:12,S,4,1,12,s,18,0
S:4:1:11,S,4,1,11,s,18,0
S:4:1:10,S,4,1,10,s,18,0
S:4:1:9,S,4,1,9,s,18,0
S:4:1:8,S,4,1,8,s,18,0
S:4:1:7,S,4,1,7,s,18,0
S:4:1:6,S,4,1,6,s,18,0
S:4:1:5,S,4,1,5,s,18,0
S:4:1:4,S,4,1,4,s,18,0
S:4:1:3,S,4,1,3,s,18,0
S:4:1:2,S,4,1,2,s,18,0
S:4:1:1,S,4,1,1,s,18,0
S:3:1:15,S,3,1,15,s,18,0
S:3:1:14,S,3,1,14,s,18,0
S:3:1:13,S,3,1,13,s,18,0
S:3:1:12,S,3,1,12,s,18,0
S:3:1:11,S,3,1,11,s,18,0
S:3:1:10,S,3,1,10,s,18,0
S:3:1:9,S,3,1,9,s,18,0
S:3:1:8,S,3,1,8,s,18,0
S:3:1:7,S,3,1,7,s,18,0
S:3:1:6,S,3,1,6,s,18,0
S:3:1:5,S,3,1,5,s,18,0
S:3:1:4,S,3,1,4,s,18,0
S:3:1:3,S,3,1,3,s,18,0
S:3:1:2,S,3,1,2,s,18,0
S:3:1:1,S,3,1,1,s,18,0
S:2:1:15,S,2,1,15,s,18,0
S:2:1:14,S,2,1,14,s,18,0
S:2:1:13,S,2,1,13,s,18,0
S:2:1:12,S,2,1,12,s,18,0
S:2:1:11,S,2,1,11,s,18,0
S:2:1:10,S,2,1,10,s,18,0
S:2:1:9,S,2,1,9,s,18,0
S:2:1:8,S,2,1,8,s,18,0
S:2:1:7,S,2,1,7,s,18,0
S:2:1:6,S,2,1,6,s,18,0
S:2:1:5,S,2,1,5,s,18,0
S:2:1:4,S,2,1,4,s,18,0
S:2:1:3,S,2,1,3,s,18,0
S:2:1:2,S,2,1,2,s,18,0
S:2:1:1,S,2,1,1,s,18,0
S:11:1:15,S,11,1,15,K,18,0
S:11:1:14,S,11,1,14,K,18,0
S:11:1:13,S,11,1,13,K,18,0
S:11:1:12,S,11,1,12,K,18,0
S:11:1:11,S,11,1,11,K,18,0
S:11:1:10,S,11,1,10,K,18,0
S:11:1:9,S,11,1,9,K,18,0
S:11:1:8,S,11,1,8,K,18,0
S:11:1:7,S,11,1,7,K,18,0
S:9:11:13,S,9,11,13,K,18,0
S:9:11:14,S,9,11,14,K,18,0
S:9:11:15,S,9,11,15,K,18,0
S:7:11:13,S,7,11,13,K,18,0
S:7:11:14,S,7,11,14,K,18,0
S:7:11:15,S,7,11,15,K,18,0
S:8:11:15,S,8,11,15,K,18,0
S:10:12:11,S,10,12,11,K,18,0
S:10:12:12,S,10,12,12,K,18,0
S:10:12:13,S,10,12,13,K,18,0
S:10:12:14,S,10,12,14,K,18,0
S:10:12:15,S,10,12,15,K,18,0
S:11:12:4,S,11,12,4,K,18,0
S:2:11:15,S,2,11,15,s,18,0
S:2:11:14,S,2,11,14,s,18,0
S:2:11:13,S,2,11,13,s,18,0
S:2:11:12,S,2,11,12,s,18,0
S:2:11:11,S,2,11,11,s,18,0
S:2:11:10,S,2,11,10,s,18,0
S:2:11:9,S,2,11,9,s,18,0
S:2:11:8,S,2,11,8,s,18,0
S:2:11:7,S,2,11,7,s,18,0
S:2:11:6,S,2,11,6,s,18,0
S:2:11:5,S,2,11,5,s,18,0
S:2:11:4,S,2,11,4,s,18,0
S:11:12:5,S,11,12,5,K,18,0
S:11:12:6,S,11,12,6,K,18,0
S:11:12:7,S,11,12,7,K,18,0
S:11:12:8,S,11,12,8,K,18,0
S:11:12:9,S,11,12,9,K,18,0
S:11:12:10,S,11,12,10,K,18,0
S:11:12:11,S,11,12,11,K,18,0
S:11:12:12,S,11,12,12,K,18,0
S:11:12:13,S,11,12,13,K,18,0
S:11:12:14,S,11,12,14,K,18,0
S:11:12:15,S,11,12,15,K,18,0
S:2:12:1,S,2,12,1,s,18,0
S:2:12:2,S,2,12,2,s,18,0
S:2:12:3,S,2,12,3,s,18,0
S:2:12:4,S,2,12,4,s,18,0
S:2:12:5,S,2,12,5,s,18,0
S:2:12:6,S,2,12,6,s,18,0
S:2:12:7,S,2,12,7,s,18,0
S:2:12:8,S,2,12,8,s,18,0
S:2:12:9,S,2,12,9,s,18,0
S:2:12:10,S,2,12,10,s,18,0
S:2:12:11,S,2,12,11,s,18,0
S:2:12:12,S,2,12,12,s,18,0
S:2:12:13,S,2,12,13,s,18,0
S:2:12:14,S,2,12,14,s,18,0
S:2:12:15,S,2,12,15,s,18,0
S:4:12:7,S,4,12,7,s,18,0
S:4:12:8,S,4,12,8,s,18,0
S:4:12:9,S,4,12,9,s,18,0
S:4:12:10,S,4,12,10,s,18,0
S:4:12:11,S,4,12,11,s,18,0
S:4:12:12,S,4,12,12,s,18,0
S:4:12:13,S,4,12,13,s,18,0
S:4:12:14,S,4,12,14,s,18,0
S:4:12:15,S,4,12,15,s,18,0
S:8:10:15,S,8,10,15,K,18,0
S:8:10:14,S,8,10,14,K,18,0
S:8:10:13,S,8,10,13,K,18,0
S:8:10:12,S,8,10,12,K,18,0
S:8:10:11,S,8,10,11,K,18,0
S:8:10:10,S,8,10,10,K,18,0
S:8:10:9,S,8,10,9,K,18,0
S:8:10:8,S,8,10,8,K,18,0
S:8:10:7,S,8,10,7,K,18,0
S:8:10:6,S,8,10,6,K,18,0
S:8:10:5,S,8,10,5,K,18,0
S:8:10:4,S,8,10,4,K,18,0
S:8:10:3,S,8,10,3,K,18,0
S:8:10:2,S,8,10,2,K,18,0
S:8:10:1,S,8,10,1,K,18,0
S:6:10:14,S,6,10,14,s,18,0
S:6:10:13,S,6,10,13,s,18,0
S:6:10:12,S,6,10,12,s,18,0
S:6:10:11,S,6,10,11,s,18,0
S:6:10:10,S,6,10,10,s,18,0
S:6:10:9,S,6,10,9,s,18,0
S:6:10:8,S,6,10,8,s,18,0
S:6:10:7,S,6,10,7,s,18,0
S:6:10:6,S,6,10,6,s,18,0
S:6:10:5,S,6,10,5,s,18,0
S:6:10:4,S,6,10,4,s,18,0
S:6:10:3,S,6,10,3,s,18,0
S:6:10:2,S,6,10,2,s,18,0
S:6:10:1,S,6,10,1,s,18,0
S:10:10:12,S,10,10,12,K,18,0
S:10:10:11,S,10,10,11,K,18,0
S:10:10:10,S,10,10,10,K,18,0
S:10:10:9,S,10,10,9,K,18,0
S:10:10:8,S,10,10,8,K,18,0
S:10:10:7,S,10,10,7,K,18,0
S:10:10:6,S,10,10,6,K,18,0
S:10:10:5,S,10,10,5,K,18,0
S:10:10:4,S,10,10,4,K,18,0
S:10:10:3,S,10,10,3,K,18,0
S:10:10:2,S,10,10,2,K,18,0
S:10:10:1,S,10,10,1,K,18,0
S:8:1:15,S,8,1,15,K,18,0
S:8:1:14,S,8,1,14,K,18,0
S:8:1:13,S,8,1,13,K,18,0
S:8:1:12,S,8,1,12,K,18,0
S:8:1:11,S,8,1,11,K,18,0
S:8:1:10,S,8,1,10,K,18,0
S:8:1:9,S,8,1,9,K,18,0
S:8:1:8,S,8,1,8,K,18,0
S:8:1:7,S,8,1,7,K,18,0
S:8:1:6,S,8,1,6,K,18,0
S:6:1:15,S,6,1,15,s,18,0
S:6:1:14,S,6,1,14,s,18,0
S:6:1:13,S,6,1,13,s,18,0
S:6:1:12,S,6,1,12,s,18,0
S:6:1:11,S,6,1,11,s,18,0
S:6:1:10,S,6,1,10,s,18,0
S:6:1:9,S,6,1,9,s,18,0
S:6:1:8,S,6,1,8,s,18,0
S:6:1:7,S,6,1,7,s,18,0
S:6:1:6,S,6,1,6,s,18,0
S:6:1:5,S,6,1,5,s,18,0
S:6:1:4,S,6,1,4,s,18,0
S:6:1:3,S,6,1,3,s,18,0
S:6:1:2,S,6,1,2,s,18,0
S:6:1:1,S,6,1,1,s,18,0
S:11:1:6,S,11,1,6,K,18,0
S:11:1:5,S,11,1,5,K,18,0
S:11:1:4,S,11,1,4,K,18,0
S:11:1:3,S,11,1,3,K,18,0
S:11:1:2,S,11,1,2,K,18,0
S:11:1:1,S,11,1,1,K,18,0
S:10:1:15,S,10,1,15,K,18,0
S:10:1:14,S,10,1,14,K,18,0
S:10:1:13,S,10,1,13,K,18,0
S:10:1:12,S,10,1,12,K,18,0
S:10:1:11,S,10,1,11,K,18,0
S:10:1:10,S,10,1,10,K,18,0
S:10:1:9,S,10,1,9,K,18,0
S:10:1:8,S,10,1,8,K,18,0
S:10:1:7,S,10,1,7,K,18,0
S:10:1:6,S,10,1,6,K,18,0
S:10:1:5,S,10,1,5,K,18,0
S:10:1:4,S,10,1,4,K,18,0
S:10:1:3,S,10,1,3,K,18,0
S:10:1:2,S,10,1,2,K,18,0
S:10:1:1,S,10,1,1,K,18,0
S:8:11:1,S,8,11,1,K,18,0
S:8:11:2,S,8,11,2,K,18,0
S:8:11:3,S,8,11,3,K,18,0
S:8:11:4,S,8,11,4,K,18,0
S:8:11:5,S,8,11,5,K,18,0
S:8:11:6,S,8,11,6,K,18,0
S:8:11:7,S,8,11,7,K,18,0
S:8:11:8,S,8,11,8,K,18,0
S:8:11:9,S,8,11,9,K,18,0
S:8:11:10,S,8,11,10,K,18,0
S:8:11:11,S,8,11,11,K,18,0
S:8:11:12,S,8,11,12,K,18,0
S:8:11:13,S,8,11,13,K,18,0
S:8:11:14,S,8,11,14,K,18,0
S:7:12:3,S,7,12,3,K,18,0
S:7:12:4,S,7,12,4,K,18,0
S:7:12:5,S,7,12,5,K,18,0
S:7:12:6,S,7,12,6,K,18,0
S:7:12:7,S,7,12,7,K,18,0
S:7:12:8,S,7,12,8,K,18,0
S:7:12:9,S,7,12,9,K,18,0
S:7:12:10,S,7,12,10,K,18,0
S:7:12:11,S,7,12,11,K,18,0
S:7:12:12,S,7,12,12,K,18,0
S:7:12:13,S,7,12,13,K,18,0
S:7:12:14,S,7,12,14,K,18,0
S:7:12:15,S,7,12,15,K,18,0
S:8:12:1,S,8,12,1,K,18,0
S:8:12:2,S,8,12,2,K,18,0
S:9:12:1,S,9,12,1,K,18,0
S:9:12:2,S,9,12,2,K,18,0
S:9:12:3,S,9,12,3,K,18,0
S:9:12:4,S,9,12,4,K,18,0
S:9:12:5,S,9,12,5,K,18,0
S:9:12:6,S,9,12,6,K,18,0
S:9:12:7,S,9,12,7,K,18,0
S:9:12:8,S,9,12,8,K,18,0
S:9:12:9,S,9,12,9,K,18,0
S:9:12:10,S,9,12,10,K,18,0
S:9:12:11,S,9,12,11,K,18,0
S:9:12:12,S,9,12,12,K,18,0
S:9:12:13,S,9,12,13,K,18,0
S:9:12:14,S,9,12,14,K,18,0
S:9:12:15,S,9,12,15,K,18,0
S:1:13:1,S,1,13,1,s,18,0
S:1:13:2,S,1,13,2,s,18,0
S:1:13:3,S,1,13,3,s,18,0
S:1:13:4,S,1,13,4,s,18,0
S:1:13:5,S,1,13,5,s,18,0
S:1:13:6,S,1,13,6,s,18,0
S:1:13:7,S,1,13,7,s,18,0
S:1:13:8,S,1,13,8,s,18,0
S:1:13:9,S,1,13,9,s,18,0
S:1:13:10,S,1,13,10,s,18,0
S:10:13:1,S,10,13,1,K,18,0
S:10:13:2,S,10,13,2,K,18,0
S:10:13:3,S,10,13,3,K,18,0
S:10:13:4,S,10,13,4,K,18,0
S:10:13:5,S,10,13,5,K,18,0
S:10:13:6,S,10,13,6,K,18,0
S:10:13:7,S,10,13,7,K,18,0
S:10:13:8,S,10,13,8,K,18,0
S:10:13:9,S,10,13,9,K,18,0
S:10:13:10,S,10,13,10,K,18,0
S:10:13:11,S,10,13,11,K,18,0
S:10:13:12,S,10,13,12,K,18,0
S:10:13:13,S,10,13,13,K,18,0
S:10:13:14,S,10,13,14,K,18,0
S:10:13:15,S,10,13,15,K,18,0
S:11:13:1,S,11,13,1,K,18,0
S:11:13:2,S,11,13,2,K,18,0
S:11:13:3,S,11,13,3,K,18,0
S:11:13:4,S,11,13,4,K,18,0
S:11:13:5,S,11,13,5,K,18,0
S:11:13:6,S,11,13,6,K,18,0
S:11:13:7,S,11,13,7,K,18,0
S:11:13:8,S,11,13,8,K,18,0
S:11:13:9,S,11,13,9,K,18,0
S:11:13:10,S,11,13,10,K,18,0
S:11:13:11,S,11,13,11,K,18,0
S:11:13:12,S,11,13,12,K,18,0
S:11:13:13,S,11,13,13,K,18,0
S:11:13:14,S,11,13,14,K,18,0
S:11:13:15,S,11,13,15,K,18,0
S:2:13:1,S,2,13,1,s,18,0
S:2:13:2,S,2,13,2,s,18,0
S:1:13:15,S,1,13,15,s,18,0
S:1:13:14,S,1,13,14,s,18,0
S:1:13:13,S,1,13,13,s,18,0
S:1:13:12,S,1,13,12,s,18,0
S:1:13:11,S,1,13,11,s,18,0
S:8:12:15,S,8,12,15,K,18,0
S:8:12:14,S,8,12,14,K,18,0
S:8:12:13,S,8,12,13,K,18,0
S:8:12:12,S,8,12,12,K,18,0
S:8:12:11,S,8,12,11,K,18,0
S:8:12:10,S,8,12,10,K,18,0
S:8:12:9,S,8,12,9,K,18,0
S:8:12:8,S,8,12,8,K,18,0
S:8:12:7,S,8,12,7,K,18,0
S:8:12:6,S,8,12,6,K,18,0
S:8:12:5,S,8,12,5,K,18,0
S:8:12:4,S,8,12,4,K,18,0
S:8:12:3,S,8,12,3,K,18,0
S:2:13:3,S,2,13,3,s,18,0
S:2:13:4,S,2,13,4,s,18,0
S:2:13:5,S,2,13,5,s,18,0
S:2:13:6,S,2,13,6,s,18,0
S:2:13:7,S,2,13,7,s,18,0
S:2:13:8,S,2,13,8,s,18,0
S:2:13:9,S,2,13,9,s,18,0
S:2:13:10,S,2,13,10,s,18,0
S:2:13:11,S,2,13,11,s,18,0
S:2:13:12,S,2,13,12,s,18,0
S:2:13:13,S,2,13,13,s,18,0
S:2:13:14,S,2,13,14,s,18,0
S:2:13:15,S,2,13,15,s,18,0
S:3:13:1,S,3,13,1,s,18,0
S:3:13:2,S,3,13,2,s,18,0
S:3:13:3,S,3,13,3,s,18,0
S:3:13:4,S,3,13,4,s,18,0
S:3:13:5,S,3,13,5,s,18,0
S:3:13:6,S,3,13,6,s,18,0
S:3:13:7,S,3,13,7,s,18,0
S:3:13:8,S,3,13,8,s,18,0
S:3:13:9,S,3,13,9,s,18,0
S:3:13:10,S,3,13,10,s,18,0
S:3:13:11,S,3,13,11,s,18,0
S:3:13:12,S,3,13,12,s,18,0
S:3:13:13,S,3,13,13,s,18,0
S:3:13:14,S,3,13,14,s,18,0
S:3:13:15,S,3,13,15,s,18,0
S:4:13:1,S,4,13,1,s,18,0
S:4:13:2,S,4,13,2,s,18,0
S:4:13:3,S,4,13,3,s,18,0
S:4:13:4,S,4,13,4,s,18,0
S:4:13:5,S,4,13,5,s,18,0
S:4:13:6,S,4,13,6,s,18,0
S:4:13:7,S,4,13,7,s,18,0
S:4:13:8,S,4,13,8,s,18,0
S:4:13:9,S,4,13,9,s,18,0
S:4:13:10,S,4,13,10,s,18,0
S:4:13:11,S,4,13,11,s,18,0
S:4:13:12,S,4,13,12,s,18,0
S:4:13:13,S,4,13,13,s,18,0
S:4:13:14,S,4,13,14,s,18,0
S:4:13:15,S,4,13,15,s,18,0
S:5:13:1,S,5,13,1,s,18,0
S:5:13:2,S,5,13,2,s,18,0
S:5:13:3,S,5,13,3,s,18,0
S:5:13:4,S,5,13,4,s,18,0
S:5:13:5,S,5,13,5,s,18,0
S:5:13:6,S,5,13,6,s,18,0
S:5:13:7,S,5,13,7,s,18,0
S:5:13:8,S,5,13,8,s,18,0
S:5:13:9,S,5,13,9,s,18,0
S:5:13:10,S,5,13,10,s,18,0
S:5:13:11,S,5,13,11,s,18,0
S:5:13:12,S,5,13,12,s,18,0
S:5:13:13,S,5,13,13,s,18,0
S:5:13:14,S,5,13,14,s,18,0
S:5:13:15,S,5,13,15,s,18,0
S:6:13:1,S,6,13,1,s,18,0
S:6:13:2,S,6,13,2,s,18,0
S:6:13:3,S,6,13,3,s,18,0
S:6:13:4,S,6,13,4,s,18,0
S:6:13:5,S,6,13,5,s,18,0
S:6:13:6,S,6,13,6,s,18,0
S:6:13:7,S,6,13,7,s,18,0
S:6:13:8,S,6,13,8,s,18,0
S:6:13:9,S,6,13,9,s,18,0
S:6:13:10,S,6,13,10,s,18,0
S:6:13:11,S,6,13,11,s,18,0
S:6:13:12,S,6,13,12,s,18,0
S:6:13:13,S,6,13,13,s,18,0
S:6:13:14,S,6,13,14,s,18,0
S:6:13:15,S,6,13,15,s,18,0
S:7:13:1,S,7,13,1,K,18,0
S:7:13:2,S,7,13,2,K,18,0
S:7:13:3,S,7,13,3,K,18,0
S:7:13:4,S,7,13,4,K,18,0
S:7:13:5,S,7,13,5,K,18,0
S:7:13:6,S,7,13,6,K,18,0
S:7:13:7,S,7,13,7,K,18,0
S:7:13:8,S,7,13,8,K,18,0
S:7:13:9,S,7,13,9,K,18,0
S:7:13:10,S,7,13,10,K,18,0
S:7:13:11,S,7,13,11,K,18,0
S:7:13:12,S,7,13,12,K,18,0
S:7:13:13,S,7,13,13,K,18,0
S:7:13:14,S,7,13,14,K,18,0
S:7:13:15,S,7,13,15,K,18,0
S:8:13:1,S,8,13,1,K,18,0
S:8:13:2,S,8,13,2,K,18,0
S:8:13:3,S,8,13,3,K,18,0
S:8:13:4,S,8,13,4,K,18,0
S:8:13:5,S,8,13,5,K,18,0
S:8:13:6,S,8,13,6,K,18,0
S:8:13:7,S,8,13,7,K,18,0
S:8:13:8,S,8,13,8,K,18,0
S:8:13:9,S,8,13,9,K,18,0
S:8:13:10,S,8,13,10,K,18,0
S:8:13:11,S,8,13,11,K,18,0
S:8:13:12,S,8,13,12,K,18,0
S:8:13:13,S,8,13,13,K,18,0
S:8:13:14,S,8,13,14,K,18,0
S:8:13:15,S,8,13,15,K,18,0
S:9:13:1,S,9,13,1,K,18,0
S:9:13:2,S,9,13,2,K,18,0
S:9:13:3,S,9,13,3,K,18,0
S:9:13:4,S,9,13,4,K,18,0
S:9:13:5,S,9,13,5,K,18,0
S:9:13:6,S,9,13,6,K,18,0
S:9:13:7,S,9,13,7,K,18,0
S:9:13:8,S,9,13,8,K,18,0
S:9:13:9,S,9,13,9,K,18,0
S:9:13:10,S,9,13,10,K,18,0
S:9:13:11,S,9,13,11,K,18,0
S:9:13:12,S,9,13,12,K,18,0
S:9:13:13,S,9,13,13,K,18,0
S:9:13:14,S,9,13,14,K,18,0
S:9:13:15,S,9,13,15,K,18,0
S:1:14:1,S,1,14,1,s,18,0
S:1:14:2,S,1,14,2,s,18,0
S:1:14:3,S,1,14,3,s,18,0
S:1:14:4,S,1,14,4,s,18,0
S:1:14:5,S,1,14,5,s,18,0
S:1:14:6,S,1,14,6,s,18,0
S:1:14:7,S,1,14,7,s,18,0
S:1:14:8,S,1,14,8,s,18,0
S:1:14:9,S,1,14,9,s,18,0
S:1:14:10,S,1,14,10,s,18,0
S:1:14:11,S,1,14,11,s,18,0
S:1:14:12,S,1,14,12,s,18,0
S:1:14:13,S,1,14,13,s,18,0
S:1:14:14,S,1,14,14,s,18,0
S:1:14:15,S,1,14,15,s,18,0
S:10:14:1,S,10,14,1,K,18,0
S:10:14:2,S,10,14,2,K,18,0
S:10:14:3,S,10,14,3,K,18,0
S:10:14:4,S,10,14,4,K,18,0
S:10:14:5,S,10,14,5,K,18,0
S:10:14:6,S,10,14,6,K,18,0
S:10:14:7,S,10,14,7,K,18,0
S:10:14:8,S,10,14,8,K,18,0
S:10:14:9,S,10,14,9,K,18,0
S:10:14:10,S,10,14,10,K,18,0
S:10:14:11,S,10,14,11,K,18,0
S:10:14:12,S,10,14,12,K,18,0
S:10:14:13,S,10,14,13,K,18,0
S:10:14:14,S,10,14,14,K,18,0
S:10:14:15,S,10,14,15,K,18,0
S:11:14:1,S,11,14,1,K,18,0
S:11:14:2,S,11,14,2,K,18,0
S:11:14:3,S,11,14,3,K,18,0
S:11:14:4,S,11,14,4,K,18,0
S:11:14:5,S,11,14,5,K,18,0
S:11:14:6,S,11,14,6,K,18,0
S:11:14:7,S,11,14,7,K,18,0
S:11:14:8,S,11,14,8,K,18,0
S:11:14:9,S,11,14,9,K,18,0
S:11:14:10,S,11,14,10,K,18,0
S:11:14:11,S,11,14,11,K,18,0
S:11:14:12,S,11,14,12,K,18,0
S:11:14:13,S,11,14,13,K,18,0
S:11:14:14,S,11,14,14,K,18,0
S:11:14:15,S,11,14,15,K,18,0
S:2:14:1,S,2,14,1,s,18,0
S:2:14:2,S,2,14,2,s,18,0
S:2:14:3,S,2,14,3,s,18,0
S:2:14:4,S,2,14,4,s,18,0
S:2:14:5,S,2,14,5,s,18,0
S:2:14:6,S,2,14,6,s,18,0
S:2:14:7,S,2,14,7,s,18,0
S:2:14:8,S,2,14,8,s,18,0
S:2:14:9,S,2,14,9,s,18,0
S:2:14:10,S,2,14,10,s,18,0
S:2:14:11,S,2,14,11,s,18,0
S:2:14:12,S,2,14,12,s,18,0
S:2:14:13,S,2,14,13,s,18,0
S:2:14:14,S,2,14,14,s,18,0
S:2:14:15,S,2,14,15,s,18,0
S:3:14:1,S,3,14,1,s,18,0
S:3:14:2,S,3,14,2,s,18,0
S:3:14:3,S,3,14,3,s,18,0
S:3:14:4,S,3,14,4,s,18,0
S:3:14:5,S,3,14,5,s,18,0
S:3:14:6,S,3,14,6,s,18,0
S:3:14:7,S,3,14,7,s,18,0
S:3:14:8,S,3,14,8,s,18,0
S:3:14:9,S,3,14,9,s,18,0
S:3:14:10,S,3,14,10,s,18,0
S:3:14:11,S,3,14,11,s,18,0
S:3:14:12,S,3,14,12,s,18,0
S:3:14:13,S,3,14,13,s,18,0
S:3:14:14,S,3,14,14,s,18,0
S:3:14:15,S,3,14,15,s,18,0
S:4:14:1,S,4,14,1,s,18,0
S:4:14:2,S,4,14,2,s,18,0
S:4:14:3,S,4,14,3,s,18,0
S:4:14:4,S,4,14,4,s,18,0
S:4:14:5,S,4,14,5,s,18,0
S:4:14:6,S,4,14,6,s,18,0
S:4:14:7,S,4,14,7,s,18,0
S:4:14:8,S,4,14,8,s,18,0
S:4:14:9,S,4,14,9,s,18,0
S:4:14:10,S,4,14,10,s,18,0
S:4:14:11,S,4,14,11,s,18,0
S:4:14:12,S,4,14,12,s,18,0
S:4:14:13,S,4,14,13,s,18,0
S:4:14:14,S,4,14,14,s,18,0
S:4:14:15,S,4,14,15,s,18,0
S:5:14:1,S,5,14,1,s,18,0
S:5:14:2,S,5,14,2,s,18,0
S:5:14:3,S,5,14,3,s,18,0
S:5:14:4,S,5,14,4,s,18,0
S:5:14:5,S,5,14,5,s,18,0
S:5:14:6,S,5,14,6,s,18,0
S:5:14:7,S,5,14,7,s,18,0
S:5:14:8,S,5,14,8,s,18,0
S:5:14:9,S,5,14,9,s,18,0
S:5:14:10,S,5,14,10,s,18,0
S:5:14:11,S,5,14,11,s,18,0
S:5:14:12,S,5,14,12,s,18,0
S:5:14:13,S,5,14,13,s,18,0
S:5:14:14,S,5,14,14,s,18,0
S:5:14:15,S,5,14,15,s,18,0
S:6:14:1,S,6,14,1,s,18,0
S:6:14:2,S,6,14,2,s,18,0
S:6:14:3,S,6,14,3,s,18,0
S:6:14:4,S,6,14,4,s,18,0
S:6:14:5,S,6,14,5,s,18,0
S:6:14:6,S,6,14,6,s,18,0
S:6:14:7,S,6,14,7,s,18,0
S:6:14:8,S,6,14,8,s,18,0
S:6:14:9,S,6,14,9,s,18,0
S:6:14:10,S,6,14,10,s,18,0
S:6:14:11,S,6,14,11,s,18,0
S:6:14:12,S,6,14,12,s,18,0
S:6:14:13,S,6,14,13,s,18,0
S:6:14:14,S,6,14,14,s,18,0
S:6:14:15,S,6,14,15,s,18,0
S:7:14:1,S,7,14,1,K,18,0
S:7:14:2,S,7,14,2,K,18,0
S:7:14:3,S,7,14,3,K,18,0
S:7:14:4,S,7,14,4,K,18,0
S:7:14:5,S,7,14,5,K,18,0
S:7:14:6,S,7,14,6,K,18,0
S:7:14:7,S,7,14,7,K,18,0
S:7:14:8,S,7,14,8,K,18,0
S:7:14:9,S,7,14,9,K,18,0
S:7:14:10,S,7,14,10,K,18,0
S:7:14:11,S,7,14,11,K,18,0
S:7:14:12,S,7,14,12,K,18,0
S:7:14:13,S,7,14,13,K,18,0
S:7:14:14,S,7,14,14,K,18,0
S:7:14:15,S,7,14,15,K,18,0
S:8:14:1,S,8,14,1,K,18,0
S:8:14:2,S,8,14,2,K,18,0
S:8:14:3,S,8,14,3,K,18,0
S:8:14:4,S,8,14,4,K,18,0
S:8:14:5,S,8,14,5,K,18,0
S:8:14:6,S,8,14,6,K,18,0
S:8:14:7,S,8,14,7,K,18,0
S:8:14:8,S,8,14,8,K,18,0
S:8:14:9,S,8,14,9,K,18,0
S:8:14:10,S,8,14,10,K,18,0
S:8:14:11,S,8,14,11,K,18,0
S:8:14:12,S,8,14,12,K,18,0
S:8:14:13,S,8,14,13,K,18,0
S:8:14:14,S,8,14,14,K,18,0
S:8:14:15,S,8,14,15,K,18,0
S:9:14:1,S,9,14,1,K,18,0
S:9:14:2,S,9,14,2,K,18,0
S:9:14:3,S,9,14,3,K,18,0
S:1:15:1,S,1,15,1,s,18,0
S:1:15:2,S,1,15,2,s,18,0
S:1:15:3,S,1,15,3,s,18,0
S:1:15:4,S,1,15,4,s,18,0
S:1:15:5,S,1,15,5,s,18,0
S:1:15:6,S,1,15,6,s,18,0
S:1:15:7,S,1,15,7,s,18,0
S:1:15:8,S,1,15,8,s,18,0
S:1:15:9,S,1,15,9,s,18,0
S:1:15:10,S,1,15,10,s,18,0
S:1:15:11,S,1,15,11,s,18,0
S:1:15:12,S,1,15,12,s,18,0
S:1:15:13,S,1,15,13,s,18,0
S:1:15:14,S,1,15,14,s,18,0
S:1:15:15,S,1,15,15,s,18,0
S:10:15:1,S,10,15,1,K,18,0
S:10:15:2,S,10,15,2,K,18,0
S:10:15:3,S,10,15,3,K,18,0
S:10:15:4,S,10,15,4,K,18,0
S:10:15:5,S,10,15,5,K,18,0
S:10:15:6,S,10,15,6,K,18,0
S:10:15:7,S,10,15,7,K,18,0
S:10:15:8,S,10,15,8,K,18,0
S:10:15:9,S,10,15,9,K,18,0
S:10:15:10,S,10,15,10,K,18,0
S:10:15:11,S,10,15,11,K,18,0
S:10:15:12,S,10,15,12,K,18,0
S:10:15:13,S,10,15,13,K,18,0
S:10:15:14,S,10,15,14,K,18,0
S:10:15:15,S,10,15,15,K,18,0
S:2:15:1,S,2,15,1,s,18,0
S:2:15:2,S,2,15,2,s,18,0
S:2:15:3,S,2,15,3,s,18,0
S:2:15:4,S,2,15,4,s,18,0
S:2:15:5,S,2,15,5,s,18,0
S:2:15:6,S,2,15,6,s,18,0
S:2:15:7,S,2,15,7,s,18,0
S:2:15:8,S,2,15,8,s,18,0
S:2:15:9,S,2,15,9,s,18,0
S:2:15:10,S,2,15,10,s,18,0
S:2:15:11,S,2,15,11,s,18,0
S:2:15:12,S,2,15,12,s,18,0
S:2:15:13,S,2,15,13,s,18,0
S:2:15:14,S,2,15,14,s,18,0
S:2:15:15,S,2,15,15,s,18,0
S:3:15:1,S,3,15,1,s,18,0
S:3:15:2,S,3,15,2,s,18,0
S:3:15:3,S,3,15,3,s,18,0
S:3:15:4,S,3,15,4,s,18,0
S:3:15:5,S,3,15,5,s,18,0
S:3:15:6,S,3,15,6,s,18,0
S:3:15:7,S,3,15,7,s,18,0
S:3:15:8,S,3,15,8,s,18,0
S:3:15:9,S,3,15,9,s,18,0
S:3:15:10,S,3,15,10,s,18,0
S:3:15:11,S,3,15,11,s,18,0
S:3:15:12,S,3,15,12,s,18,0
S:3:15:13,S,3,15,13,s,18,0
S:3:15:14,S,3,15,14,s,18,0
S:3:15:15,S,3,15,15,s,18,0
S:4:15:1,S,4,15,1,s,18,0
S:4:15:2,S,4,15,2,s,18,0
S:11:15:15,S,11,15,15,K,18,0
S:11:15:14,S,11,15,14,K,18,0
S:11:15:13,S,11,15,13,K,18,0
S:11:15:12,S,11,15,12,K,18,0
S:11:15:11,S,11,15,11,K,18,0
S:11:15:10,S,11,15,10,K,18,0
S:11:15:9,S,11,15,9,K,18,0
S:11:15:8,S,11,15,8,K,18,0
S:11:15:7,S,11,15,7,K,18,0
S:11:15:6,S,11,15,6,K,18,0
S:11:15:5,S,11,15,5,K,18,0
S:11:15:4,S,11,15,4,K,18,0
S:11:15:3,S,11,15,3,K,18,0
S:11:15:2,S,11,15,2,K,18,0
S:11:15:1,S,11,15,1,K,18,0
S:9:14:15,S,9,14,15,K,18,0
S:9:14:14,S,9,14,14,K,18,0
S:9:14:13,S,9,14,13,K,18,0
S:9:14:12,S,9,14,12,K,18,0
S:9:14:11,S,9,14,11,K,18,0
S:9:14:10,S,9,14,10,K,18,0
S:9:14:9,S,9,14,9,K,18,0
S:9:14:8,S,9,14,8,K,18,0
S:9:14:7,S,9,14,7,K,18,0
S:9:14:6,S,9,14,6,K,18,0
S:9:14:5,S,9,14,5,K,18,0
S:9:14:4,S,9,14,4,K,18,0
S:4:15:3,S,4,15,3,s,18,0
S:4:15:4,S,4,15,4,s,18,0
S:4:15:5,S,4,15,5,s,18,0
S:4:15:6,S,4,15,6,s,18,0
S:4:15:7,S,4,15,7,s,18,0
S:4:15:8,S,4,15,8,s,18,0
S:4:15:9,S,4,15,9,s,18,0
S:4:15:10,S,4,15,10,s,18,0
S:4:15:11,S,4,15,11,s,18,0
S:4:15:12,S,4,15,12,s,18,0
S:4:15:13,S,4,15,13,s,18,0
S:4:15:14,S,4,15,14,s,18,0
S:4:15:15,S,4,15,15,s,18,0
S:5:15:1,S,5,15,1,s,18,0
S:5:15:2,S,5,15,2,s,18,0
S:5:15:3,S,5,15,3,s,18,0
S:5:15:4,S,5,15,4,s,18,0
S:5:15:5,S,5,15,5,s,18,0
S:5:15:6,S,5,15,6,s,18,0
S:5:15:7,S,5,15,7,s,18,0
S:5:15:8,S,5,15,8,s,18,0
S:5:15:9,S,5,15,9,s,18,0
S:5:15:10,S,5,15,10,s,18,0
S:5:15:11,S,5,15,11,s,18,0
S:5:15:12,S,5,15,12,s,18,0
S:5:15:13,S,5,15,13,s,18,0
S:5:15:14,S,5,15,14,s,18,0
S:5:15:15,S,5,15,15,s,18,0
S:6:15:1,S,6,15,1,s,18,0
S:6:15:2,S,6,15,2,s,18,0
S:6:15:3,S,6,15,3,s,18,0
S:6:15:4,S,6,15,4,s,18,0
S:6:15:5,S,6,15,5,s,18,0
S:6:15:6,S,6,15,6,s,18,0
S:6:15:7,S,6,15,7,s,18,0
S:6:15:8,S,6,15,8,s,18,0
S:6:15:9,S,6,15,9,s,18,0
S:6:15:10,S,6,15,10,s,18,0
S:6:15:11,S,6,15,11,s,18,0
S:6:15:12,S,6,15,12,s,18,0
S:6:15:13,S,6,15,13,s,18,0
S:6:15:14,S,6,15,14,s,18,0
S:6:15:15,S,6,15,15,s,18,0
S:7:15:1,S,7,15,1,K,18,0
S:7:15:2,S,7,15,2,K,18,0
S:7:15:3,S,7,15,3,K,18,0
S:7:15:4,S,7,15,4,K,18,0
S:7:15:5,S,7,15,5,K,18,0
S:7:15:6,S,7,15,6,K,18,0
S:7:15:7,S,7,15,7,K,18,0
S:7:15:8,S,7,15,8,K,18,0
S:7:15:9,S,7,15,9,K,18,0
S:7:15:10,S,7,15,10,K,18,0
S:7:15:11,S,7,15,11,K,18,0
S:7:15:12,S,7,15,12,K,18,0
S:7:15:13,S,7,15,13,K,18,0
S:7:15:14,S,7,15,14,K,18,0
S:7:15:15,S,7,15,15,K,18,0
S:8:15:1,S,8,15,1,K,18,0
S:8:15:2,S,8,15,2,K,18,0
S:8:15:3,S,8,15,3,K,18,0
S:8:15:4,S,8,15,4,K,18,0
S:8:15:5,S,8,15,5,K,18,0
S:8:15:6,S,8,15,6,K,18,0
S:8:15:7,S,8,15,7,K,18,0
S:8:15:8,S,8,15,8,K,18,0
S:8:15:9,S,8,15,9,K,18,0
S:8:15:10,S,8,15,10,K,18,0
S:8:15:11,S,8,15,11,K,18,0
S:8:15:12,S,8,15,12,K,18,0
S:8:15:13,S,8,15,13,K,18,0
S:8:15:14,S,8,15,14,K,18,0
S:8:15:15,S,8,15,15,K,18,0
S:9:15:1,S,9,15,1,K,18,0
S:9:15:2,S,9,15,2,K,18,0
S:9:15:3,S,9,15,3,K,18,0
S:9:15:4,S,9,15,4,K,18,0
S:9:15:5,S,9,15,5,K,18,0
S:9:15:6,S,9,15,6,K,18,0
S:9:15:7,S,9,15,7,K,18,0
S:9:15:8,S,9,15,8,K,18,0
S:9:15:9,S,9,15,9,K,18,0
S:9:15:10,S,9,15,10,K,18,0
S:9:15:11,S,9,15,11,K,18,0
S:9:15:12,S,9,15,12,K,18,0
S:9:15:13,S,9,15,13,K,18,0
S:9:15:14,S,9,15,14,K,18,0
S:9:15:15,S,9,15,15,K,18,0
S:1:2:1,S,1,2,1,s,18,0
S:1:2:2,S,1,2,2,s,18,0
S:1:2:3,S,1,2,3,s,18,0
S:1:2:4,S,1,2,4,s,18,0
S:1:2:5,S,1,2,5,s,18,0
S:1:2:6,S,1,2,6,s,18,0
S:1:2:7,S,1,2,7,s,18,0
S:1:2:8,S,1,2,8,s,18,0
S:1:2:9,S,1,2,9,s,18,0
S:1:2:10,S,1,2,10,s,18,0
S:1:2:11,S,1,2,11,s,18,0
S:1:2:12,S,1,2,12,s,18,0
S:1:2:13,S,1,2,13,s,18,0
S:1:2:14,S,1,2,14,s,18,0
S:1:2:15,S,1,2,15,s,18,0
S:10:2:1,S,10,2,1,K,18,0
S:10:2:2,S,10,2,2,K,18,0
S:10:2:3,S,10,2,3,K,18,0
S:10:2:4,S,10,2,4,K,18,0
S:10:2:5,S,10,2,5,K,18,0
S:10:2:6,S,10,2,6,K,18,0
S:10:2:7,S,10,2,7,K,18,0
S:10:2:8,S,10,2,8,K,18,0
S:10:2:9,S,10,2,9,K,18,0
S:10:2:10,S,10,2,10,K,18,0
S:10:2:11,S,10,2,11,K,18,0
S:10:2:12,S,10,2,12,K,18,0
S:10:2:13,S,10,2,13,K,18,0
S:10:2:14,S,10,2,14,K,18,0
S:10:2:15,S,10,2,15,K,18,0
S:11:2:1,S,11,2,1,K,18,0
S:11:2:2,S,11,2,2,K,18,0
S:11:2:3,S,11,2,3,K,18,0
S:11:2:4,S,11,2,4,K,18,0
S:11:2:5,S,11,2,5,K,18,0
S:11:2:6,S,11,2,6,K,18,0
S:11:2:7,S,11,2,7,K,18,0
S:11:2:8,S,11,2,8,K,18,0
S:11:2:9,S,11,2,9,K,18,0
S:11:2:10,S,11,2,10,K,18,0
S:11:2:11,S,11,2,11,K,18,0
S:11:2:12,S,11,2,12,K,18,0
S:11:2:13,S,11,2,13,K,18,0
S:11:2:14,S,11,2,14,K,18,0
S:11:2:15,S,11,2,15,K,18,0
S:2:2:1,S,2,2,1,s,18,0
S:2:2:2,S,2,2,2,s,18,0
S:2:2:3,S,2,2,3,s,18,0
S:2:2:4,S,2,2,4,s,18,0
S:2:2:5,S,2,2,5,s,18,0
S:2:2:6,S,2,2,6,s,18,0
S:2:2:7,S,2,2,7,s,18,0
S:2:2:8,S,2,2,8,s,18,0
S:2:2:9,S,2,2,9,s,18,0
S:2:2:10,S,2,2,10,s,18,0
S:2:2:11,S,2,2,11,s,18,0
S:2:2:12,S,2,2,12,s,18,0
S:2:2:13,S,2,2,13,s,18,0
S:2:2:14,S,2,2,14,s,18,0
S:2:2:15,S,2,2,15,s,18,0
S:3:2:1,S,3,2,1,s,18,0
S:3:2:2,S,3,2,2,s,18,0
S:3:2:3,S,3,2,3,s,18,0
S:3:2:4,S,3,2,4,s,18,0
S:3:2:5,S,3,2,5,s,18,0
S:3:2:6,S,3,2,6,s,18,0
S:3:2:7,S,3,2,7,s,18,0
S:3:2:8,S,3,2,8,s,18,0
S:3:2:9,S,3,2,9,s,18,0
S:3:2:10,S,3,2,10,s,18,0
S:3:2:11,S,3,2,11,s,18,0
S:3:2:12,S,3,2,12,s,18,0
S:3:2:13,S,3,2,13,s,18,0
S:3:2:14,S,3,2,14,s,18,0
S:3:2:15,S,3,2,15,s,18,0
S:4:2:1,S,4,2,1,s,18,0
S:4:2:2,S,4,2,2,s,18,0
S:4:2:3,S,4,2,3,s,18,0
S:4:2:4,S,4,2,4,s,18,0
S:4:2:5,S,4,2,5,s,18,0
S:4:2:6,S,4,2,6,s,18,0
S:4:2:7,S,4,2,7,s,18,0
S:4:2:8,S,4,2,8,s,18,0
S:4:2:9,S,4,2,9,s,18,0
S:4:2:10,S,4,2,10,s,18,0
S:4:2:11,S,4,2,11,s,18,0
S:4:2:12,S,4,2,12,s,18,0
S:4:2:13,S,4,2,13,s,18,0
S:4:2:14,S,4,2,14,s,18,0
S:4:2:15,S,4,2,15,s,18,0
S:5:2:1,S,5,2,1,s,18,0
S:5:2:2,S,5,2,2,s,18,0
S:5:2:3,S,5,2,3,s,18,0
S:5:2:4,S,5,2,4,s,18,0
S:5:2:5,S,5,2,5,s,18,0
S:5:2:6,S,5,2,6,s,18,0
S:5:2:7,S,5,2,7,s,18,0
S:5:2:8,S,5,2,8,s,18,0
S:5:2:9,S,5,2,9,s,18,0
S:5:2:10,S,5,2,10,s,18,0
S:5:2:11,S,5,2,11,s,18,0
S:5:2:12,S,5,2,12,s,18,0
S:5:2:13,S,5,2,13,s,18,0
S:5:2:14,S,5,2,14,s,18,0
S:5:2:15,S,5,2,15,s,18,0
S:6:2:1,S,6,2,1,s,18,0
S:6:2:2,S,6,2,2,s,18,0
S:6:2:3,S,6,2,3,s,18,0
S:6:2:4,S,6,2,4,s,18,0
S:6:2:5,S,6,2,5,s,18,0
S:6:2:6,S,6,2,6,s,18,0
S:6:2:7,S,6,2,7,s,18,0
S:6:2:8,S,6,2,8,s,18,0
S:6:2:9,S,6,2,9,s,18,0
S:6:2:10,S,6,2,10,s,18,0
S:6:2:11,S,6,2,11,s,18,0
S:6:2:12,S,6,2,12,s,18,0
S:6:2:13,S,6,2,13,s,18,0
S:6:2:14,S,6,2,14,s,18,0
S:6:2:15,S,6,2,15,s,18,0
S:7:2:1,S,7,2,1,s,18,0
S:7:2:2,S,7,2,2,s,18,0
S:7:2:3,S,7,2,3,s,18,0
S:7:2:4,S,7,2,4,s,18,0
S:7:2:5,S,7,2,5,s,18,0
S:7:2:6,S,7,2,6,s,18,0
S:7:2:7,S,7,2,7,s,18,0
S:7:2:8,S,7,2,8,s,18,0
S:7:2:9,S,7,2,9,s,18,0
S:7:2:10,S,7,2,10,s,18,0
S:7:2:11,S,7,2,11,s,18,0
S:7:2:12,S,7,2,12,s,18,0
S:7:2:13,S,7,2,13,s,18,0
S:7:2:14,S,7,2,14,s,18,0
S:7:2:15,S,7,2,15,s,18,0
S:8:2:1,S,8,2,1,K,18,0
S:8:2:2,S,8,2,2,K,18,0
S:8:2:3,S,8,2,3,K,18,0
S:8:2:4,S,8,2,4,K,18,0
S:8:2:5,S,8,2,5,K,18,0
S:8:2:6,S,8,2,6,K,18,0
S:8:2:7,S,8,2,7,K,18,0
S:8:2:8,S,8,2,8,K,18,0
S:8:2:9,S,8,2,9,K,18,0
S:8:2:10,S,8,2,10,K,18,0
S:8:2:11,S,8,2,11,K,18,0
S:8:2:12,S,8,2,12,K,18,0
S:8:2:13,S,8,2,13,K,18,0
S:8:2:14,S,8,2,14,K,18,0
S:8:2:15,S,8,2,15,K,18,0
S:9:2:1,S,9,2,1,K,18,0
S:9:2:2,S,9,2,2,K,18,0
S:9:2:3,S,9,2,3,K,18,0
S:9:2:4,S,9,2,4,K,18,0
S:9:2:5,S,9,2,5,K,18,0
S:9:2:6,S,9,2,6,K,18,0
S:9:2:7,S,9,2,7,K,18,0
S:9:2:8,S,9,2,8,K,18,0
S:9:2:9,S,9,2,9,K,18,0
S:9:2:10,S,9,2,10,K,18,0
S:9:2:11,S,9,2,11,K,18,0
S:9:2:12,S,9,2,12,K,18,0
S:9:2:13,S,9,2,13,K,18,0
S:9:2:14,S,9,2,14,K,18,0
S:9:2:15,S,9,2,15,K,18,0
S:1:3:1,S,1,3,1,s,18,0
S:1:3:2,S,1,3,2,s,18,0
S:1:3:3,S,1,3,3,s,18,0
S:1:3:4,S,1,3,4,s,18,0
S:1:3:5,S,1,3,5,s,18,0
S:1:3:6,S,1,3,6,s,18,0
S:1:3:7,S,1,3,7,s,18,0
S:1:3:8,S,1,3,8,s,18,0
S:1:3:9,S,1,3,9,s,18,0
S:1:3:10,S,1,3,10,s,18,0
S:1:3:11,S,1,3,11,s,18,0
S:1:3:12,S,1,3,12,s,18,0
S:1:3:13,S,1,3,13,s,18,0
S:1:3:14,S,1,3,14,s,18,0
S:1:3:15,S,1,3,15,s,18,0
S:10:3:1,S,10,3,1,K,18,0
S:10:3:2,S,10,3,2,K,18,0
S:10:3:3,S,10,3,3,K,18,0
S:10:3:4,S,10,3,4,K,18,0
S:10:3:5,S,10,3,5,K,18,0
S:10:3:6,S,10,3,6,K,18,0
S:10:3:7,S,10,3,7,K,18,0
S:10:3:8,S,10,3,8,K,18,0
S:10:3:9,S,10,3,9,K,18,0
S:10:3:10,S,10,3,10,K,18,0
S:10:3:11,S,10,3,11,K,18,0
S:10:3:12,S,10,3,12,K,18,0
S:10:3:13,S,10,3,13,K,18,0
S:10:3:14,S,10,3,14,K,18,0
S:10:3:15,S,10,3,15,K,18,0
S:11:3:1,S,11,3,1,K,18,0
S:11:3:2,S,11,3,2,K,18,0
S:11:3:3,S,11,3,3,K,18,0
S:11:3:4,S,11,3,4,K,18,0
S:11:3:5,S,11,3,5,K,18,0
S:11:3:6,S,11,3,6,K,18,0
S:11:3:7,S,11,3,7,K,18,0
S:11:3:8,S,11,3,8,K,18,0
S:11:3:9,S,11,3,9,K,18,0
S:11:3:10,S,11,3,10,K,18,0
S:11:3:11,S,11,3,11,K,18,0
S:11:3:12,S,11,3,12,K,18,0
S:11:3:13,S,11,3,13,K,18,0
S:11:3:14,S,11,3,14,K,18,0
S:11:3:15,S,11,3,15,K,18,0
S:2:3:1,S,2,3,1,s,18,0
S:2:3:2,S,2,3,2,s,18,0
S:2:3:3,S,2,3,3,s,18,0
S:2:3:4,S,2,3,4,s,18,0
S:2:3:5,S,2,3,5,s,18,0
S:2:3:6,S,2,3,6,s,18,0
S:2:3:7,S,2,3,7,s,18,0
S:2:3:8,S,2,3,8,s,18,0
S:2:3:9,S,2,3,9,s,18,0
S:2:3:10,S,2,3,10,s,18,0
S:2:3:11,S,2,3,11,s,18,0
S:2:3:12,S,2,3,12,s,18,0
S:2:3:13,S,2,3,13,s,18,0
S:2:3:14,S,2,3,14,s,18,0
S:2:3:15,S,2,3,15,s,18,0
S:3:3:1,S,3,3,1,s,18,0
S:3:3:2,S,3,3,2,s,18,0
S:3:3:3,S,3,3,3,s,18,0
S:3:3:4,S,3,3,4,s,18,0
S:3:3:5,S,3,3,5,s,18,0
S:3:3:6,S,3,3,6,s,18,0
S:3:3:7,S,3,3,7,s,18,0
S:3:3:8,S,3,3,8,s,18,0
S:3:3:9,S,3,3,9,s,18,0
S:3:3:10,S,3,3,10,s,18,0
S:3:3:11,S,3,3,11,s,18,0
S:3:3:12,S,3,3,12,s,18,0
S:3:3:13,S,3,3,13,s,18,0
S:3:3:14,S,3,3,14,s,18,0
S:3:3:15,S,3,3,15,s,18,0
S:4:3:1,S,4,3,1,s,18,0
S:4:3:2,S,4,3,2,s,18,0
S:4:3:3,S,4,3,3,s,18,0
S:4:3:4,S,4,3,4,s,18,0
S:4:3:5,S,4,3,5,s,18,0
S:4:3:6,S,4,3,6,s,18,0
S:4:3:7,S,4,3,7,s,18,0
S:4:3:8,S,4,3,8,s,18,0
S:4:3:9,S,4,3,9,s,18,0
S:4:3:10,S,4,3,10,s,18,0
S:4:3:11,S,4,3,11,s,18,0
S:4:3:12,S,4,3,12,s,18,0
S:4:3:13,S,4,3,13,s,18,0
S:4:3:14,S,4,3,14,s,18,0
S:4:3:15,S,4,3,15,s,18,0
S:5:3:1,S,5,3,1,s,18,0
S:5:3:2,S,5,3,2,s,18,0
S:5:3:3,S,5,3,3,s,18,0
S:5:3:4,S,5,3,4,s,18,0
S:5:3:5,S,5,3,5,s,18,0
S:5:3:6,S,5,3,6,s,18,0
S:5:3:7,S,5,3,7,s,18,0
S:5:3:8,S,5,3,8,s,18,0
S:5:3:9,S,5,3,9,s,18,0
S:5:3:10,S,5,3,10,s,18,0
S:5:3:11,S,5,3,11,s,18,0
S:5:3:12,S,5,3,12,s,18,0
S:5:3:13,S,5,3,13,s,18,0
S:5:3:14,S,5,3,14,s,18,0
S:5:3:15,S,5,3,15,s,18,0
S:6:3:1,S,6,3,1,s,18,0
S:6:3:2,S,6,3,2,s,18,0
S:6:3:3,S,6,3,3,s,18,0
S:6:3:4,S,6,3,4,s,18,0
S:6:3:5,S,6,3,5,s,18,0
S:6:3:6,S,6,3,6,s,18,0
S:6:3:7,S,6,3,7,s,18,0
S:6:3:8,S,6,3,8,s,18,0
S:6:3:9,S,6,3,9,s,18,0
S:6:3:10,S,6,3,10,s,18,0
S:6:3:11,S,6,3,11,s,18,0
S:6:3:12,S,6,3,12,s,18,0
S:6:3:13,S,6,3,13,s,18,0
S:6:3:14,S,6,3,14,s,18,0
S:6:3:15,S,6,3,15,s,18,0
S:7:3:1,S,7,3,1,s,18,0
S:7:3:2,S,7,3,2,s,18,0
S:7:3:3,S,7,3,3,s,18,0
S:7:3:4,S,7,3,4,s,18,0
S:7:3:5,S,7,3,5,s,18,0
S:7:3:6,S,7,3,6,s,18,0
S:7:3:7,S,7,3,7,s,18,0
S:7:3:8,S,7,3,8,s,18,0
S:7:3:9,S,7,3,9,s,18,0
S:7:3:10,S,7,3,10,s,18,0
S:7:3:11,S,7,3,11,s,18,0
S:7:3:12,S,7,3,12,s,18,0
S:7:3:13,S,7,3,13,s,18,0
S:7:3:14,S,7,3,14,s,18,0
S:7:3:15,S,7,3,15,s,18,0
S:8:3:1,S,8,3,1,K,18,0
S:8:3:2,S,8,3,2,K,18,0
S:8:3:3,S,8,3,3,K,18,0
S:8:3:4,S,8,3,4,K,18,0
S:8:3:5,S,8,3,5,K,18,0
S:8:3:6,S,8,3,6,K,18,0
S:8:3:7,S,8,3,7,K,18,0
S:8:3:8,S,8,3,8,K,18,0
S:8:3:9,S,8,3,9,K,18,0
S:8:3:10,S,8,3,10,K,18,0
S:8:3:11,S,8,3,11,K,18,0
S:8:3:12,S,8,3,12,K,18,0
S:8:3:13,S,8,3,13,K,18,0
S:8:3:14,S,8,3,14,K,18,0
S:8:3:15,S,8,3,15,K,18,0
S:9:3:1,S,9,3,1,K,18,0
S:9:3:2,S,9,3,2,K,18,0
S:9:3:3,S,9,3,3,K,18,0
S:9:3:4,S,9,3,4,K,18,0
S:9:3:5,S,9,3,5,K,18,0
S:9:3:6,S,9,3,6,K,18,0
S:9:3:7,S,9,3,7,K,18,0
S:9:3:8,S,9,3,8,K,18,0
S:9:3:9,S,9,3,9,K,18,0
S:9:3:10,S,9,3,10,K,18,0
S:9:3:11,S,9,3,11,K,18,0
S:9:3:12,S,9,3,12,K,18,0
S:9:3:13,S,9,3,13,K,18,0
S:9:3:14,S,9,3,14,K,18,0
S:9:3:15,S,9,3,15,K,18,0
S:1:4:1,S,1,4,1,s,18,0
S:1:4:2,S,1,4,2,s,18,0
S:1:4:3,S,1,4,3,s,18,0
S:1:4:4,S,1,4,4,s,18,0
S:1:4:5,S,1,4,5,s,18,0
S:1:4:6,S,1,4,6,s,18,0
S:1:4:7,S,1,4,7,s,18,0
S:1:4:8,S,1,4,8,s,18,0
S:1:4:9,S,1,4,9,s,18,0
S:1:4:10,S,1,4,10,s,18,0
S:1:4:11,S,1,4,11,s,18,0
S:1:4:12,S,1,4,12,s,18,0
S:1:4:13,S,1,4,13,s,18,0
S:1:4:14,S,1,4,14,s,18,0
S:1:4:15,S,1,4,15,s,18,0
S:10:4:1,S,10,4,1,K,18,0
S:10:4:2,S,10,4,2,K,18,0
S:10:4:3,S,10,4,3,K,18,0
S:10:4:4,S,10,4,4,K,18,0
S:10:4:5,S,10,4,5,K,18,0
S:10:4:6,S,10,4,6,K,18,0
S:10:4:7,S,10,4,7,K,18,0
S:10:4:8,S,10,4,8,K,18,0
S:10:4:9,S,10,4,9,K,18,0
S:10:4:10,S,10,4,10,K,18,0
S:10:4:11,S,10,4,11,K,18,0
S:10:4:12,S,10,4,12,K,18,0
S:10:4:13,S,10,4,13,K,18,0
S:10:4:14,S,10,4,14,K,18,0
S:10:4:15,S,10,4,15,K,18,0
S:11:4:1,S,11,4,1,K,18,0
S:11:4:2,S,11,4,2,K,18,0
S:11:4:3,S,11,4,3,K,18,0
S:11:4:4,S,11,4,4,K,18,0
S:11:4:5,S,11,4,5,K,18,0
S:11:4:6,S,11,4,6,K,18,0
S:11:4:7,S,11,4,7,K,18,0
S:11:4:8,S,11,4,8,K,18,0
S:11:4:9,S,11,4,9,K,18,0
S:11:4:10,S,11,4,10,K,18,0
S:11:4:11,S,11,4,11,K,18,0
S:11:4:12,S,11,4,12,K,18,0
S:11:4:13,S,11,4,13,K,18,0
S:11:4:14,S,11,4,14,K,18,0
S:11:4:15,S,11,4,15,K,18,0
S:2:4:1,S,2,4,1,s,18,0
S:2:4:2,S,2,4,2,s,18,0
S:2:4:3,S,2,4,3,s,18,0
S:2:4:4,S,2,4,4,s,18,0
S:2:4:5,S,2,4,5,s,18,0
S:2:4:6,S,2,4,6,s,18,0
S:2:4:7,S,2,4,7,s,18,0
S:2:4:8,S,2,4,8,s,18,0
S:2:4:9,S,2,4,9,s,18,0
S:2:4:10,S,2,4,10,s,18,0
S:2:4:11,S,2,4,11,s,18,0
S:2:4:12,S,2,4,12,s,18,0
S:2:4:13,S,2,4,13,s,18,0
S:2:4:14,S,2,4,14,s,18,0
S:2:4:15,S,2,4,15,s,18,0
S:3:4:1,S,3,4,1,s,18,0
S:3:4:2,S,3,4,2,s,18,0
S:3:4:3,S,3,4,3,s,18,0
S:3:4:4,S,3,4,4,s,18,0
S:3:4:5,S,3,4,5,s,18,0
S:3:4:6,S,3,4,6,s,18,0
S:3:4:7,S,3,4,7,s,18,0
S:3:4:8,S,3,4,8,s,18,0
S:3:4:9,S,3,4,9,s,18,0
S:3:4:10,S,3,4,10,s,18,0
S:3:4:11,S,3,4,11,s,18,0
S:3:4:12,S,3,4,12,s,18,0
S:3:4:13,S,3,4,13,s,18,0
S:3:4:14,S,3,4,14,s,18,0
S:3:4:15,S,3,4,15,s,18,0
S:4:4:1,S,4,4,1,s,18,0
S:4:4:2,S,4,4,2,s,18,0
S:4:4:3,S,4,4,3,s,18,0
S:4:4:4,S,4,4,4,s,18,0
S:4:4:5,S,4,4,5,s,18,0
S:4:4:6,S,4,4,6,s,18,0
S:4:4:7,S,4,4,7,s,18,0
S:4:4:8,S,4,4,8,s,18,0
S:4:4:9,S,4,4,9,s,18,0
S:4:4:10,S,4,4,10,s,18,0
S:4:4:11,S,4,4,11,s,18,0
S:4:4:12,S,4,4,12,s,18,0
S:4:4:13,S,4,4,13,s,18,0
S:4:4:14,S,4,4,14,s,18,0
S:4:4:15,S,4,4,15,s,18,0
S:5:4:1,S,5,4,1,s,18,0
S:5:4:2,S,5,4,2,s,18,0
S:5:4:3,S,5,4,3,s,18,0
S:5:4:4,S,5,4,4,s,18,0
S:5:4:5,S,5,4,5,s,18,0
S:5:4:6,S,5,4,6,s,18,0
S:5:4:7,S,5,4,7,s,18,0
S:5:4:8,S,5,4,8,s,18,0
S:5:4:9,S,5,4,9,s,18,0
S:5:4:10,S,5,4,10,s,18,0
S:5:4:11,S,5,4,11,s,18,0
S:5:4:12,S,5,4,12,s,18,0
S:5:4:13,S,5,4,13,s,18,0
S:5:4:14,S,5,4,14,s,18,0
S:5:4:15,S,5,4,15,s,18,0
S:6:4:1,S,6,4,1,s,18,0
S:6:4:2,S,6,4,2,s,18,0
S:6:4:3,S,6,4,3,s,18,0
S:6:4:4,S,6,4,4,s,18,0
S:6:4:5,S,6,4,5,s,18,0
S:6:4:6,S,6,4,6,s,18,0
S:6:4:7,S,6,4,7,s,18,0
S:6:4:8,S,6,4,8,s,18,0
S:6:4:9,S,6,4,9,s,18,0
S:6:4:10,S,6,4,10,s,18,0
S:6:4:11,S,6,4,11,s,18,0
S:6:4:12,S,6,4,12,s,18,0
S:6:4:13,S,6,4,13,s,18,0
S:6:4:14,S,6,4,14,s,18,0
S:6:4:15,S,6,4,15,s,18,0
S:7:4:1,S,7,4,1,s,18,0
S:7:4:2,S,7,4,2,s,18,0
S:7:4:3,S,7,4,3,s,18,0
S:7:4:4,S,7,4,4,s,18,0
S:7:4:5,S,7,4,5,s,18,0
S:7:4:6,S,7,4,6,s,18,0
S:7:4:7,S,7,4,7,s,18,0
S:7:4:8,S,7,4,8,s,18,0
S:7:4:9,S,7,4,9,s,18,0
S:7:4:10,S,7,4,10,s,18,0
S:7:4:11,S,7,4,11,s,18,0
S:7:4:12,S,7,4,12,s,18,0
S:7:4:13,S,7,4,13,s,18,0
S:7:4:14,S,7,4,14,s,18,0
S:7:4:15,S,7,4,15,s,18,0
S:8:4:1,S,8,4,1,K,18,0
S:8:4:2,S,8,4,2,K,18,0
S:8:4:3,S,8,4,3,K,18,0
S:8:4:4,S,8,4,4,K,18,0
S:8:4:5,S,8,4,5,K,18,0
S:8:4:6,S,8,4,6,K,18,0
S:8:4:7,S,8,4,7,K,18,0
S:8:4:8,S,8,4,8,K,18,0
S:8:4:9,S,8,4,9,K,18,0
S:8:4:10,S,8,4,10,K,18,0
S:8:4:11,S,8,4,11,K,18,0
S:8:4:12,S,8,4,12,K,18,0
S:8:4:13,S,8,4,13,K,18,0
S:8:4:14,S,8,4,14,K,18,0
S:8:4:15,S,8,4,15,K,18,0
S:9:4:1,S,9,4,1,K,18,0
S:9:4:2,S,9,4,2,K,18,0
S:9:4:3,S,9,4,3,K,18,0
S:9:4:4,S,9,4,4,K,18,0
S:9:4:5,S,9,4,5,K,18,0
S:9:4:6,S,9,4,6,K,18,0
S:9:4:7,S,9,4,7,K,18,0
S:9:4:8,S,9,4,8,K,18,0
S:9:4:9,S,9,4,9,K,18,0
S:9:4:10,S,9,4,10,K,18,0
S:9:4:11,S,9,4,11,K,18,0
S:9:4:12,S,9,4,12,K,18,0
S:9:4:13,S,9,4,13,K,18,0
S:9:4:14,S,9,4,14,K,18,0
S:9:4:15,S,9,4,15,K,18,0
S:1:5:1,S,1,5,1,s,18,0
S:1:5:2,S,1,5,2,s,18,0
S:1:5:3,S,1,5,3,s,18,0
S:1:5:4,S,1,5,4,s,18,0
S:1:5:5,S,1,5,5,s,18,0
S:1:5:6,S,1,5,6,s,18,0
S:1:5:7,S,1,5,7,s,18,0
S:1:5:8,S,1,5,8,s,18,0
S:1:5:9,S,1,5,9,s,18,0
S:1:5:10,S,1,5,10,s,18,0
S:1:5:11,S,1,5,11,s,18,0
S:1:5:12,S,1,5,12,s,18,0
S:1:5:13,S,1,5,13,s,18,0
S:1:5:14,S,1,5,14,s,18,0
S:1:5:15,S,1,5,15,s,18,0
S:10:5:1,S,10,5,1,K,18,0
S:10:5:2,S,10,5,2,K,18,0
S:10:5:3,S,10,5,3,K,18,0
S:10:5:4,S,10,5,4,K,18,0
S:10:5:5,S,10,5,5,K,18,0
S:10:5:6,S,10,5,6,K,18,0
S:10:5:7,S,10,5,7,K,18,0
S:10:5:8,S,10,5,8,K,18,0
S:10:5:9,S,10,5,9,K,18,0
S:10:5:10,S,10,5,10,K,18,0
S:10:5:11,S,10,5,11,K,18,0
S:10:5:12,S,10,5,12,K,18,0
S:10:5:13,S,10,5,13,K,18,0
S:10:5:14,S,10,5,14,K,18,0
S:10:5:15,S,10,5,15,K,18,0
S:11:5:1,S,11,5,1,K,18,0
S:11:5:2,S,11,5,2,K,18,0
S:11:5:3,S,11,5,3,K,18,0
S:11:5:4,S,11,5,4,K,18,0
S:11:5:5,S,11,5,5,K,18,0
S:11:5:6,S,11,5,6,K,18,0
S:11:5:7,S,11,5,7,K,18,0
S:11:5:8,S,11,5,8,K,18,0
S:11:5:9,S,11,5,9,K,18,0
S:11:5:10,S,11,5,10,K,18,0
S:2:5:1,S,2,5,1,s,18,0
S:2:5:2,S,2,5,2,s,18,0
S:2:5:3,S,2,5,3,s,18,0
S:2:5:4,S,2,5,4,s,18,0
S:2:5:5,S,2,5,5,s,18,0
S:2:5:6,S,2,5,6,s,18,0
S:2:5:7,S,2,5,7,s,18,0
S:2:5:8,S,2,5,8,s,18,0
S:2:5:9,S,2,5,9,s,18,0
S:2:5:10,S,2,5,10,s,18,0
S:3:5:1,S,3,5,1,s,18,0
S:3:5:2,S,3,5,2,s,18,0
S:3:5:3,S,3,5,3,s,18,0
S:3:5:4,S,3,5,4,s,18,0
S:3:5:5,S,3,5,5,s,18,0
S:3:5:6,S,3,5,6,s,18,0
S:3:5:7,S,3,5,7,s,18,0
S:3:5:8,S,3,5,8,s,18,0
S:3:5:9,S,3,5,9,s,18,0
S:3:5:10,S,3,5,10,s,18,0
S:3:5:11,S,3,5,11,s,18,0
S:3:5:12,S,3,5,12,s,18,0
S:3:5:13,S,3,5,13,s,18,0
S:3:5:14,S,3,5,14,s,18,0
S:3:5:15,S,3,5,15,s,18,0
S:4:5:1,S,4,5,1,s,18,0
S:4:5:2,S,4,5,2,s,18,0
S:4:5:3,S,4,5,3,s,18,0
S:4:5:4,S,4,5,4,s,18,0
S:4:5:5,S,4,5,5,s,18,0
S:4:5:6,S,4,5,6,s,18,0
S:4:5:7,S,4,5,7,s,18,0
S:4:5:8,S,4,5,8,s,18,0
S:4:5:9,S,4,5,9,s,18,0
S:4:5:10,S,4,5,10,s,18,0
S:4:5:11,S,4,5,11,s,18,0
S:4:5:12,S,4,5,12,s,18,0
S:4:5:13,S,4,5,13,s,18,0
S:4:5:14,S,4,5,14,s,18,0
S:4:5:15,S,4,5,15,s,18,0
S:5:5:1,S,5,5,1,s,18,0
S:5:5:2,S,5,5,2,s,18,0
S:2:5:15,S,2,5,15,s,18,0
S:2:5:14,S,2,5,14,s,18,0
S:2:5:13,S,2,5,13,s,18,0
S:2:5:12,S,2,5,12,s,18,0
S:2:5:11,S,2,5,11,s,18,0
S:11:5:15,S,11,5,15,K,18,0
S:11:5:14,S,11,5,14,K,18,0
S:11:5:13,S,11,5,13,K,18,0
S:11:5:12,S,11,5,12,K,18,0
S:11:5:11,S,11,5,11,K,18,0
S:5:5:3,S,5,5,3,s,18,0
S:5:5:4,S,5,5,4,s,18,0
S:5:5:5,S,5,5,5,s,18,0
S:5:5:6,S,5,5,6,s,18,0
S:5:5:7,S,5,5,7,s,18,0
S:5:5:8,S,5,5,8,s,18,0
S:5:5:9,S,5,5,9,s,18,0
S:5:5:10,S,5,5,10,s,18,0
S:5:5:11,S,5,5,11,s,18,0
S:5:5:12,S,5,5,12,s,18,0
S:5:5:13,S,5,5,13,s,18,0
S:5:5:14,S,5,5,14,s,18,0
S:5:5:15,S,5,5,15,s,18,0
S:6:5:1,S,6,5,1,s,18,0
S:6:5:2,S,6,5,2,s,18,0
S:6:5:3,S,6,5,3,s,18,0
S:6:5:4,S,6,5,4,s,18,0
S:6:5:5,S,6,5,5,s,18,0
S:6:5:6,S,6,5,6,s,18,0
S:6:5:7,S,6,5,7,s,18,0
S:6:5:8,S,6,5,8,s,18,0
S:6:5:9,S,6,5,9,s,18,0
S:6:5:10,S,6,5,10,s,18,0
S:6:5:11,S,6,5,11,s,18,0
S:6:5:12,S,6,5,12,s,18,0
S:6:5:13,S,6,5,13,s,18,0
S:6:5:14,S,6,5,14,s,18,0
S:6:5:15,S,6,5,15,s,18,0
S:7:5:1,S,7,5,1,s,18,0
S:7:5:2,S,7,5,2,s,18,0
S:7:5:3,S,7,5,3,s,18,0
S:7:5:4,S,7,5,4,s,18,0
S:7:5:5,S,7,5,5,s,18,0
S:7:5:6,S,7,5,6,s,18,0
S:7:5:7,S,7,5,7,s,18,0
S:7:5:8,S,7,5,8,s,18,0
S:7:5:9,S,7,5,9,s,18,0
S:7:5:10,S,7,5,10,s,18,0
S:7:5:11,S,7,5,11,s,18,0
S:7:5:12,S,7,5,12,s,18,0
S:7:5:13,S,7,5,13,s,18,0
S:7:5:14,S,7,5,14,s,18,0
S:7:5:15,S,7,5,15,s,18,0
S:8:5:1,S,8,5,1,K,18,0
S:8:5:2,S,8,5,2,K,18,0
S:8:5:3,S,8,5,3,K,18,0
S:8:5:4,S,8,5,4,K,18,0
S:8:5:5,S,8,5,5,K,18,0
S:8:5:6,S,8,5,6,K,18,0
S:8:5:7,S,8,5,7,K,18,0
S:8:5:8,S,8,5,8,K,18,0
S:8:5:9,S,8,5,9,K,18,0
S:8:5:10,S,8,5,10,K,18,0
S:8:5:11,S,8,5,11,K,18,0
S:8:5:12,S,8,5,12,K,18,0
S:8:5:13,S,8,5,13,K,18,0
S:8:5:14,S,8,5,14,K,18,0
S:8:5:15,S,8,5,15,K,18,0
S:9:5:1,S,9,5,1,K,18,0
S:9:5:2,S,9,5,2,K,18,0
S:9:5:3,S,9,5,3,K,18,0
S:9:5:4,S,9,5,4,K,18,0
S:9:5:5,S,9,5,5,K,18,0
S:9:5:6,S,9,5,6,K,18,0
S:9:5:7,S,9,5,7,K,18,0
S:9:5:8,S,9,5,8,K,18,0
S:9:5:9,S,9,5,9,K,18,0
S:9:5:10,S,9,5,10,K,18,0
S:9:5:11,S,9,5,11,K,18,0
S:9:5:12,S,9,5,12,K,18,0
S:9:5:13,S,9,5,13,K,18,0
S:9:5:14,S,9,5,14,K,18,0
S:9:5:15,S,9,5,15,K,18,0
S:1:6:1,S,1,6,1,s,18,0
S:1:6:2,S,1,6,2,s,18,0
S:1:6:3,S,1,6,3,s,18,0
S:1:6:4,S,1,6,4,s,18,0
S:1:6:5,S,1,6,5,s,18,0
S:1:6:6,S,1,6,6,s,18,0
S:1:6:7,S,1,6,7,s,18,0
S:1:6:8,S,1,6,8,s,18,0
S:1:6:9,S,1,6,9,s,18,0
S:1:6:10,S,1,6,10,s,18,0
S:1:6:11,S,1,6,11,s,18,0
S:1:6:12,S,1,6,12,s,18,0
S:1:6:13,S,1,6,13,s,18,0
S:1:6:14,S,1,6,14,s,18,0
S:1:6:15,S,1,6,15,s,18,0
S:10:6:1,S,10,6,1,K,18,0
S:10:6:2,S,10,6,2,K,18,0
S:10:6:3,S,10,6,3,K,18,0
S:10:6:4,S,10,6,4,K,18,0
S:10:6:5,S,10,6,5,K,18,0
S:10:6:6,S,10,6,6,K,18,0
S:10:6:7,S,10,6,7,K,18,0
S:10:6:8,S,10,6,8,K,18,0
S:10:6:9,S,10,6,9,K,18,0
S:10:6:10,S,10,6,10,K,18,0
S:10:6:11,S,10,6,11,K,18,0
S:10:6:12,S,10,6,12,K,18,0
S:10:6:13,S,10,6,13,K,18,0
S:10:6:14,S,10,6,14,K,18,0
S:10:6:15,S,10,6,15,K,18,0
S:11:6:1,S,11,6,1,K,18,0
S:11:6:2,S,11,6,2,K,18,0
S:11:6:3,S,11,6,3,K,18,0
S:11:6:4,S,11,6,4,K,18,0
S:11:6:5,S,11,6,5,K,18,0
S:11:6:6,S,11,6,6,K,18,0
S:11:6:7,S,11,6,7,K,18,0
S:11:6:8,S,11,6,8,K,18,0
S:11:6:9,S,11,6,9,K,18,0
S:11:6:10,S,11,6,10,K,18,0
S:11:6:11,S,11,6,11,K,18,0
S:11:6:12,S,11,6,12,K,18,0
S:11:6:13,S,11,6,13,K,18,0
S:11:6:14,S,11,6,14,K,18,0
S:11:6:15,S,11,6,15,K,18,0
S:2:6:1,S,2,6,1,s,18,0
S:2:6:2,S,2,6,2,s,18,0
S:2:6:3,S,2,6,3,s,18,0
S:2:6:4,S,2,6,4,s,18,0
S:2:6:5,S,2,6,5,s,18,0
S:2:6:6,S,2,6,6,s,18,0
S:2:6:7,S,2,6,7,s,18,0
S:2:6:8,S,2,6,8,s,18,0
S:2:6:9,S,2,6,9,s,18,0
S:2:6:10,S,2,6,10,s,18,0
S:2:6:11,S,2,6,11,s,18,0
S:2:6:12,S,2,6,12,s,18,0
S:2:6:13,S,2,6,13,s,18,0
S:2:6:14,S,2,6,14,s,18,0
S:2:6:15,S,2,6,15,s,18,0
S:3:6:1,S,3,6,1,s,18,0
S:3:6:2,S,3,6,2,s,18,0
S:3:6:3,S,3,6,3,s,18,0
S:3:6:4,S,3,6,4,s,18,0
S:3:6:5,S,3,6,5,s,18,0
S:3:6:6,S,3,6,6,s,18,0
S:3:6:7,S,3,6,7,s,18,0
S:3:6:8,S,3,6,8,s,18,0
S:3:6:9,S,3,6,9,s,18,0
S:3:6:10,S,3,6,10,s,18,0
S:3:6:11,S,3,6,11,s,18,0
S:3:6:12,S,3,6,12,s,18,0
S:3:6:13,S,3,6,13,s,18,0
S:3:6:14,S,3,6,14,s,18,0
S:3:6:15,S,3,6,15,s,18,0
S:4:6:1,S,4,6,1,s,18,0
S:4:6:2,S,4,6,2,s,18,0
S:4:6:3,S,4,6,3,s,18,0
S:4:6:4,S,4,6,4,s,18,0
S:4:6:5,S,4,6,5,s,18,0
S:4:6:6,S,4,6,6,s,18,0
S:4:6:7,S,4,6,7,s,18,0
S:4:6:8,S,4,6,8,s,18,0
S:4:6:9,S,4,6,9,s,18,0
S:4:6:10,S,4,6,10,s,18,0
S:4:6:11,S,4,6,11,s,18,0
S:4:6:12,S,4,6,12,s,18,0
S:4:6:13,S,4,6,13,s,18,0
S:4:6:14,S,4,6,14,s,18,0
S:4:6:15,S,4,6,15,s,18,0
S:5:6:1,S,5,6,1,s,18,0
S:5:6:2,S,5,6,2,s,18,0
S:5:6:3,S,5,6,3,s,18,0
S:5:6:4,S,5,6,4,s,18,0
S:5:6:5,S,5,6,5,s,18,0
S:5:6:6,S,5,6,6,s,18,0
S:5:6:7,S,5,6,7,s,18,0
S:5:6:8,S,5,6,8,s,18,0
S:5:6:9,S,5,6,9,s,18,0
S:5:6:10,S,5,6,10,s,18,0
S:5:6:11,S,5,6,11,s,18,0
S:5:6:12,S,5,6,12,s,18,0
S:5:6:13,S,5,6,13,s,18,0
S:5:6:14,S,5,6,14,s,18,0
S:5:6:15,S,5,6,15,s,18,0
S:6:6:1,S,6,6,1,s,18,0
S:6:6:2,S,6,6,2,s,18,0
S:6:6:3,S,6,6,3,s,18,0
S:6:6:4,S,6,6,4,s,18,0
S:6:6:5,S,6,6,5,s,18,0
S:6:6:6,S,6,6,6,s,18,0
S:6:6:7,S,6,6,7,s,18,0
S:6:6:8,S,6,6,8,s,18,0
S:6:6:9,S,6,6,9,s,18,0
S:6:6:10,S,6,6,10,s,18,0
S:6:6:11,S,6,6,11,s,18,0
S:6:6:12,S,6,6,12,s,18,0
S:6:6:13,S,6,6,13,s,18,0
S:6:6:14,S,6,6,14,s,18,0
S:6:6:15,S,6,6,15,s,18,0
S:7:6:1,S,7,6,1,s,18,0
S:7:6:2,S,7,6,2,s,18,0
S:7:6:3,S,7,6,3,s,18,0
S:7:6:4,S,7,6,4,s,18,0
S:7:6:5,S,7,6,5,s,18,0
S:7:6:6,S,7,6,6,s,18,0
S:7:6:7,S,7,6,7,s,18,0
S:7:6:8,S,7,6,8,s,18,0
S:7:6:9,S,7,6,9,s,18,0
S:7:6:10,S,7,6,10,s,18,0
S:7:6:11,S,7,6,11,s,18,0
S:7:6:12,S,7,6,12,s,18,0
S:7:6:13,S,7,6,13,s,18,0
S:7:6:14,S,7,6,14,s,18,0
S:7:6:15,S,7,6,15,s,18,0
S:8:6:1,S,8,6,1,K,18,0
S:8:6:2,S,8,6,2,K,18,0
S:8:6:3,S,8,6,3,K,18,0
S:8:6:4,S,8,6,4,K,18,0
S:8:6:5,S,8,6,5,K,18,0
S:8:6:6,S,8,6,6,K,18,0
S:8:6:7,S,8,6,7,K,18,0
S:8:6:8,S,8,6,8,K,18,0
S:8:6:9,S,8,6,9,K,18,0
S:8:6:10,S,8,6,10,K,18,0
S:8:6:11,S,8,6,11,K,18,0
S:8:6:12,S,8,6,12,K,18,0
S:8:6:13,S,8,6,13,K,18,0
S:8:6:14,S,8,6,14,K,18,0
S:8:6:15,S,8,6,15,K,18,0
S:9:6:1,S,9,6,1,K,18,0
S:9:6:2,S,9,6,2,K,18,0
S:9:6:3,S,9,6,3,K,18,0
S:9:6:4,S,9,6,4,K,18,0
S:9:6:5,S,9,6,5,K,18,0
S:9:6:6,S,9,6,6,K,18,0
S:9:6:7,S,9,6,7,K,18,0
S:9:6:8,S,9,6,8,K,18,0
S:9:6:9,S,9,6,9,K,18,0
S:9:6:10,S,9,6,10,K,18,0
S:9:6:11,S,9,6,11,K,18,0
S:9:6:12,S,9,6,12,K,18,0
S:9:6:13,S,9,6,13,K,18,0
S:9:6:14,S,9,6,14,K,18,0
S:9:6:15,S,9,6,15,K,18,0
S:1:7:1,S,1,7,1,s,18,0
S:1:7:2,S,1,7,2,s,18,0
S:1:7:3,S,1,7,3,s,18,0
S:1:7:4,S,1,7,4,s,18,0
S:1:7:5,S,1,7,5,s,18,0
S:1:7:6,S,1,7,6,s,18,0
S:1:7:7,S,1,7,7,s,18,0
S:1:7:8,S,1,7,8,s,18,0
S:1:7:9,S,1,7,9,s,18,0
S:1:7:10,S,1,7,10,s,18,0
S:1:7:11,S,1,7,11,s,18,0
S:1:7:12,S,1,7,12,s,18,0
S:1:7:13,S,1,7,13,s,18,0
S:1:7:14,S,1,7,14,s,18,0
S:1:7:15,S,1,7,15,s,18,0
S:10:7:1,S,10,7,1,K,18,0
S:10:7:2,S,10,7,2,K,18,0
S:10:7:3,S,10,7,3,K,18,0
S:10:7:4,S,10,7,4,K,18,0
S:10:7:5,S,10,7,5,K,18,0
S:10:7:6,S,10,7,6,K,18,0
S:10:7:7,S,10,7,7,K,18,0
S:10:7:8,S,10,7,8,K,18,0
S:10:7:9,S,10,7,9,K,18,0
S:10:7:10,S,10,7,10,K,18,0
S:10:7:11,S,10,7,11,K,18,0
S:10:7:12,S,10,7,12,K,18,0
S:10:7:13,S,10,7,13,K,18,0
S:10:7:14,S,10,7,14,K,18,0
S:10:7:15,S,10,7,15,K,18,0
S:11:7:1,S,11,7,1,K,18,0
S:11:7:2,S,11,7,2,K,18,0
S:11:7:3,S,11,7,3,K,18,0
S:11:7:4,S,11,7,4,K,18,0
S:11:7:5,S,11,7,5,K,18,0
S:11:7:6,S,11,7,6,K,18,0
S:11:7:7,S,11,7,7,K,18,0
S:11:7:8,S,11,7,8,K,18,0
S:11:7:9,S,11,7,9,K,18,0
S:11:7:10,S,11,7,10,K,18,0
S:11:7:11,S,11,7,11,K,18,0
S:11:7:12,S,11,7,12,K,18,0
S:11:7:13,S,11,7,13,K,18,0
S:11:7:14,S,11,7,14,K,18,0
S:11:7:15,S,11,7,15,K,18,0
S:2:7:1,S,2,7,1,s,18,0
S:2:7:2,S,2,7,2,s,18,0
S:2:7:3,S,2,7,3,s,18,0
S:2:7:4,S,2,7,4,s,18,0
S:2:7:5,S,2,7,5,s,18,0
S:2:7:6,S,2,7,6,s,18,0
S:2:7:7,S,2,7,7,s,18,0
S:2:7:8,S,2,7,8,s,18,0
S:2:7:9,S,2,7,9,s,18,0
S:2:7:10,S,2,7,10,s,18,0
S:2:7:11,S,2,7,11,s,18,0
S:2:7:12,S,2,7,12,s,18,0
S:2:7:13,S,2,7,13,s,18,0
S:2:7:14,S,2,7,14,s,18,0
S:2:7:15,S,2,7,15,s,18,0
S:3:7:1,S,3,7,1,s,18,0
S:3:7:2,S,3,7,2,s,18,0
S:3:7:3,S,3,7,3,s,18,0
S:3:7:4,S,3,7,4,s,18,0
S:3:7:5,S,3,7,5,s,18,0
S:3:7:6,S,3,7,6,s,18,0
S:3:7:7,S,3,7,7,s,18,0
S:3:7:8,S,3,7,8,s,18,0
S:3:7:9,S,3,7,9,s,18,0
S:3:7:10,S,3,7,10,s,18,0
S:3:7:11,S,3,7,11,s,18,0
S:3:7:12,S,3,7,12,s,18,0
S:3:7:13,S,3,7,13,s,18,0
S:3:7:14,S,3,7,14,s,18,0
S:3:7:15,S,3,7,15,s,18,0
S:4:7:1,S,4,7,1,s,18,0
S:4:7:2,S,4,7,2,s,18,0
S:4:7:3,S,4,7,3,s,18,0
S:4:7:4,S,4,7,4,s,18,0
S:4:7:5,S,4,7,5,s,18,0
S:4:7:6,S,4,7,6,s,18,0
S:4:7:7,S,4,7,7,s,18,0
S:4:7:8,S,4,7,8,s,18,0
S:4:7:9,S,4,7,9,s,18,0
S:4:7:10,S,4,7,10,s,18,0
S:4:7:11,S,4,7,11,s,18,0
S:4:7:12,S,4,7,12,s,18,0
S:4:7:13,S,4,7,13,s,18,0
S:4:7:14,S,4,7,14,s,18,0
S:4:7:15,S,4,7,15,s,18,0
S:5:7:1,S,5,7,1,s,18,0
S:5:7:2,S,5,7,2,s,18,0
S:5:7:3,S,5,7,3,s,18,0
S:5:7:4,S,5,7,4,s,18,0
S:5:7:5,S,5,7,5,s,18,0
S:5:7:6,S,5,7,6,s,18,0
S:5:7:7,S,5,7,7,s,18,0
S:5:7:8,S,5,7,8,s,18,0
S:5:7:9,S,5,7,9,s,18,0
S:5:7:10,S,5,7,10,s,18,0
S:5:7:11,S,5,7,11,s,18,0
S:5:7:12,S,5,7,12,s,18,0
S:5:7:13,S,5,7,13,s,18,0
S:5:7:14,S,5,7,14,s,18,0
S:5:7:15,S,5,7,15,s,18,0
S:6:7:1,S,6,7,1,s,18,0
S:6:7:2,S,6,7,2,s,18,0
S:6:7:3,S,6,7,3,s,18,0
S:6:7:4,S,6,7,4,s,18,0
S:6:7:5,S,6,7,5,s,18,0
S:6:7:6,S,6,7,6,s,18,0
S:6:7:7,S,6,7,7,s,18,0
S:6:7:8,S,6,7,8,s,18,0
S:6:7:9,S,6,7,9,s,18,0
S:6:7:10,S,6,7,10,s,18,0
S:6:7:11,S,6,7,11,s,18,0
S:6:7:12,S,6,7,12,s,18,0
S:6:7:13,S,6,7,13,s,18,0
S:6:7:14,S,6,7,14,s,18,0
S:6:7:15,S,6,7,15,s,18,0
S:7:7:1,S,7,7,1,s,18,0
S:7:7:2,S,7,7,2,s,18,0
S:7:7:3,S,7,7,3,s,18,0
S:7:7:4,S,7,7,4,K,18,0
S:7:7:5,S,7,7,5,K,18,0
S:7:7:6,S,7,7,6,K,18,0
S:7:7:7,S,7,7,7,K,18,0
S:7:7:8,S,7,7,8,K,18,0
S:7:7:9,S,7,7,9,K,18,0
S:7:7:10,S,7,7,10,K,18,0
S:7:7:11,S,7,7,11,K,18,0
S:7:7:12,S,7,7,12,K,18,0
S:7:7:13,S,7,7,13,K,18,0
S:7:7:14,S,7,7,14,K,18,0
S:7:7:15,S,7,7,15,K,18,0
S:8:7:1,S,8,7,1,K,18,0
S:8:7:2,S,8,7,2,K,18,0
S:8:7:3,S,8,7,3,K,18,0
S:8:7:4,S,8,7,4,K,18,0
S:8:7:5,S,8,7,5,K,18,0
S:8:7:6,S,8,7,6,K,18,0
S:8:7:7,S,8,7,7,K,18,0
S:8:7:8,S,8,7,8,K,18,0
S:8:7:9,S,8,7,9,K,18,0
S:8:7:10,S,8,7,10,K,18,0
S:8:7:11,S,8,7,11,K,18,0
S:8:7:12,S,8,7,12,K,18,0
S:8:7:13,S,8,7,13,K,18,0
S:8:7:14,S,8,7,14,K,18,0
S:8:7:15,S,8,7,15,K,18,0
S:9:7:1,S,9,7,1,K,18,0
S:9:7:2,S,9,7,2,K,18,0
S:9:7:3,S,9,7,3,K,18,0
S:9:7:4,S,9,7,4,K,18,0
S:9:7:5,S,9,7,5,K,18,0
S:9:7:6,S,9,7,6,K,18,0
S:9:7:7,S,9,7,7,K,18,0
S:9:7:8,S,9,7,8,K,18,0
S:9:7:9,S,9,7,9,K,18,0
S:9:7:10,S,9,7,10,K,18,0
S:9:7:11,S,9,7,11,K,18,0
S:9:7:12,S,9,7,12,K,18,0
S:9:7:13,S,9,7,13,K,18,0
S:9:7:14,S,9,7,14,K,18,0
S:9:7:15,S,9,7,15,K,18,0
S:1:8:1,S,1,8,1,s,18,0
S:1:8:2,S,1,8,2,s,18,0
S:1:8:3,S,1,8,3,s,18,0
S:1:8:4,S,1,8,4,s,18,0
S:1:8:5,S,1,8,5,s,18,0
S:1:8:6,S,1,8,6,s,18,0
S:1:8:7,S,1,8,7,s,18,0
S:1:8:8,S,1,8,8,s,18,0
S:1:8:9,S,1,8,9,s,18,0
S:1:8:10,S,1,8,10,s,18,0
S:1:8:11,S,1,8,11,s,18,0
S:1:8:12,S,1,8,12,s,18,0
S:1:8:13,S,1,8,13,s,18,0
S:1:8:14,S,1,8,14,s,18,0
S:1:8:15,S,1,8,15,s,18,0
S:10:8:1,S,10,8,1,K,18,0
S:10:8:2,S,10,8,2,K,18,0
S:10:8:3,S,10,8,3,K,18,0
S:10:8:4,S,10,8,4,K,18,0
S:10:8:5,S,10,8,5,K,18,0
S:10:8:6,S,10,8,6,K,18,0
S:10:8:7,S,10,8,7,K,18,0
S:10:8:8,S,10,8,8,K,18,0
S:10:8:9,S,10,8,9,K,18,0
S:10:8:10,S,10,8,10,K,18,0
S:10:8:11,S,10,8,11,K,18,0
S:10:8:12,S,10,8,12,K,18,0
S:10:8:13,S,10,8,13,K,18,0
S:10:8:14,S,10,8,14,K,18,0
S:10:8:15,S,10,8,15,K,18,0
S:11:8:1,S,11,8,1,K,18,0
S:11:8:2,S,11,8,2,K,18,0
S:11:8:3,S,11,8,3,K,18,0
S:11:8:4,S,11,8,4,K,18,0
S:11:8:5,S,11,8,5,K,18,0
S:11:8:6,S,11,8,6,K,18,0
S:11:8:7,S,11,8,7,K,18,0
S:11:8:8,S,11,8,8,K,18,0
S:11:8:9,S,11,8,9,K,18,0
S:11:8:10,S,11,8,10,K,18,0
S:11:8:11,S,11,8,11,K,18,0
S:11:8:12,S,11,8,12,K,18,0
S:11:8:13,S,11,8,13,K,18,0
S:11:8:14,S,11,8,14,K,18,0
S:11:8:15,S,11,8,15,K,18,0
S:2:8:1,S,2,8,1,s,18,0
S:2:8:2,S,2,8,2,s,18,0
S:2:8:3,S,2,8,3,s,18,0
S:2:8:4,S,2,8,4,s,18,0
S:2:8:5,S,2,8,5,s,18,0
S:2:8:6,S,2,8,6,s,18,0
S:2:8:7,S,2,8,7,s,18,0
S:2:8:8,S,2,8,8,s,18,0
S:2:8:9,S,2,8,9,s,18,0
S:2:8:10,S,2,8,10,s,18,0
S:2:8:11,S,2,8,11,s,18,0
S:2:8:12,S,2,8,12,s,18,0
S:2:8:13,S,2,8,13,s,18,0
S:2:8:14,S,2,8,14,s,18,0
S:2:8:15,S,2,8,15,s,18,0
S:3:8:1,S,3,8,1,s,18,0
S:3:8:2,S,3,8,2,s,18,0
S:3:8:3,S,3,8,3,s,18,0
S:3:8:4,S,3,8,4,s,18,0
S:3:8:5,S,3,8,5,s,18,0
S:3:8:6,S,3,8,6,s,18,0
S:3:8:7,S,3,8,7,s,18,0
S:3:8:8,S,3,8,8,s,18,0
S:3:8:9,S,3,8,9,s,18,0
S:3:8:10,S,3,8,10,s,18,0
S:3:8:11,S,3,8,11,s,18,0
S:3:8:12,S,3,8,12,s,18,0
S:3:8:13,S,3,8,13,s,18,0
S:3:8:14,S,3,8,14,s,18,0
S:3:8:15,S,3,8,15,s,18,0
S:4:8:1,S,4,8,1,s,18,0
S:4:8:2,S,4,8,2,s,18,0
S:4:8:3,S,4,8,3,s,18,0
S:4:8:4,S,4,8,4,s,18,0
S:4:8:5,S,4,8,5,s,18,0
S:4:8:6,S,4,8,6,s,18,0
S:4:8:7,S,4,8,7,s,18,0
S:4:8:8,S,4,8,8,s,18,0
S:4:8:9,S,4,8,9,s,18,0
S:4:8:10,S,4,8,10,s,18,0
S:4:8:11,S,4,8,11,s,18,0
S:4:8:12,S,4,8,12,s,18,0
S:4:8:13,S,4,8,13,s,18,0
S:4:8:14,S,4,8,14,s,18,0
S:4:8:15,S,4,8,15,s,18,0
S:5:8:1,S,5,8,1,s,18,0
S:5:8:2,S,5,8,2,s,18,0
S:5:8:3,S,5,8,3,s,18,0
S:5:8:4,S,5,8,4,s,18,0
S:5:8:5,S,5,8,5,s,18,0
S:5:8:6,S,5,8,6,s,18,0
S:5:8:7,S,5,8,7,s,18,0
S:5:8:8,S,5,8,8,s,18,0
S:5:8:9,S,5,8,9,s,18,0
S:5:8:10,S,5,8,10,s,18,0
S:5:8:11,S,5,8,11,s,18,0
S:5:8:12,S,5,8,12,s,18,0
S:5:8:13,S,5,8,13,s,18,0
S:5:8:14,S,5,8,14,s,18,0
S:5:8:15,S,5,8,15,s,18,0
S:6:8:1,S,6,8,1,s,18,0
S:6:8:2,S,6,8,2,s,18,0
S:6:8:3,S,6,8,3,s,18,0
S:6:8:4,S,6,8,4,s,18,0
S:6:8:5,S,6,8,5,s,18,0
S:6:8:6,S,6,8,6,s,18,0
S:6:8:7,S,6,8,7,s,18,0
S:6:8:8,S,6,8,8,s,18,0
S:6:8:9,S,6,8,9,s,18,0
S:6:8:10,S,6,8,10,s,18,0
S:6:8:11,S,6,8,11,s,18,0
S:6:8:12,S,6,8,12,s,18,0
S:6:8:13,S,6,8,13,s,18,0
S:6:8:14,S,6,8,14,s,18,0
S:6:8:15,S,6,8,15,s,18,0
S:7:8:1,S,7,8,1,K,18,0
S:7:8:2,S,7,8,2,K,18,0
S:7:8:3,S,7,8,3,K,18,0
S:7:8:4,S,7,8,4,K,18,0
S:7:8:5,S,7,8,5,K,18,0
S:7:8:6,S,7,8,6,K,18,0
S:7:8:7,S,7,8,7,K,18,0
S:7:8:8,S,7,8,8,K,18,0
S:7:8:9,S,7,8,9,K,18,0
S:7:8:10,S,7,8,10,K,18,0
S:7:8:11,S,7,8,11,K,18,0
S:7:8:12,S,7,8,12,K,18,0
S:7:8:13,S,7,8,13,K,18,0
S:7:8:14,S,7,8,14,K,18,0
S:7:8:15,S,7,8,15,K,18,0
S:8:8:1,S,8,8,1,K,18,0
S:8:8:2,S,8,8,2,K,18,0
S:8:8:3,S,8,8,3,K,18,0
S:8:8:4,S,8,8,4,K,18,0
S:8:8:5,S,8,8,5,K,18,0
S:8:8:6,S,8,8,6,K,18,0
S:8:8:7,S,8,8,7,K,18,0
S:8:8:8,S,8,8,8,K,18,0
S:8:8:9,S,8,8,9,K,18,0
S:8:8:10,S,8,8,10,K,18,0
S:8:8:11,S,8,8,11,K,18,0
S:8:8:12,S,8,8,12,K,18,0
S:8:8:13,S,8,8,13,K,18,0
S:8:8:14,S,8,8,14,K,18,0
S:8:8:15,S,8,8,15,K,18,0
S:9:8:1,S,9,8,1,K,18,0
S:9:8:2,S,9,8,2,K,18,0
S:9:8:3,S,9,8,3,K,18,0
S:9:8:4,S,9,8,4,K,18,0
S:9:8:5,S,9,8,5,K,18,0
S:9:8:6,S,9,8,6,K,18,0
S:9:8:7,S,9,8,7,K,18,0
S:9:8:8,S,9,8,8,K,18,0
S:9:8:9,S,9,8,9,K,18,0
S:9:8:10,S,9,8,10,K,18,0
S:9:8:11,S,9,8,11,K,18,0
S:9:8:12,S,9,8,12,K,18,0
S:9:8:13,S,9,8,13,K,18,0
S:9:8:14,S,9,8,14,K,18,0
S:9:8:15,S,9,8,15,K,18,0
S:1:9:1,S,1,9,1,s,18,0
S:1:9:2,S,1,9,2,s,18,0
S:1:9:3,S,1,9,3,s,18,0
S:1:9:4,S,1,9,4,s,18,0
S:1:9:5,S,1,9,5,s,18,0
S:1:9:6,S,1,9,6,s,18,0
S:1:9:7,S,1,9,7,s,18,0
S:1:9:8,S,1,9,8,s,18,0
S:1:9:9,S,1,9,9,s,18,0
S:1:9:10,S,1,9,10,s,18,0
S:1:9:11,S,1,9,11,s,18,0
S:1:9:12,S,1,9,12,s,18,0
S:1:9:13,S,1,9,13,s,18,0
S:1:9:14,S,1,9,14,s,18,0
S:1:9:15,S,1,9,15,s,18,0
S:10:9:1,S,10,9,1,K,18,0
S:10:9:2,S,10,9,2,K,18,0
S:10:9:3,S,10,9,3,K,18,0
S:10:9:4,S,10,9,4,K,18,0
S:10:9:5,S,10,9,5,K,18,0
S:10:9:6,S,10,9,6,K,18,0
S:10:9:7,S,10,9,7,K,18,0
S:10:9:8,S,10,9,8,K,18,0
S:10:9:9,S,10,9,9,K,18,0
S:10:9:10,S,10,9,10,K,18,0
S:10:9:11,S,10,9,11,K,18,0
S:10:9:12,S,10,9,12,K,18,0
S:10:9:13,S,10,9,13,K,18,0
S:10:9:14,S,10,9,14,K,18,0
S:10:9:15,S,10,9,15,K,18,0
S:11:9:1,S,11,9,1,K,18,0
S:11:9:2,S,11,9,2,K,18,0
S:11:9:3,S,11,9,3,K,18,0
S:11:9:4,S,11,9,4,K,18,0
S:11:9:5,S,11,9,5,K,18,0
S:11:9:6,S,11,9,6,K,18,0
S:11:9:7,S,11,9,7,K,18,0
S:11:9:8,S,11,9,8,K,18,0
S:11:9:9,S,11,9,9,K,18,0
S:11:9:10,S,11,9,10,K,18,0
S:11:9:11,S,11,9,11,K,18,0
S:11:9:12,S,11,9,12,K,18,0
S:11:9:13,S,11,9,13,K,18,0
S:11:9:14,S,11,9,14,K,18,0
S:11:9:15,S,11,9,15,K,18,0
S:2:9:1,S,2,9,1,s,18,0
S:2:9:2,S,2,9,2,s,18,0
S:2:9:3,S,2,9,3,s,18,0
S:2:9:4,S,2,9,4,s,18,0
S:2:9:5,S,2,9,5,s,18,0
S:2:9:6,S,2,9,6,s,18,0
S:2:9:7,S,2,9,7,s,18,0
S:2:9:8,S,2,9,8,s,18,0
S:2:9:9,S,2,9,9,s,18,0
S:2:9:10,S,2,9,10,s,18,0
S:2:9:11,S,2,9,11,s,18,0
S:2:9:12,S,2,9,12,s,18,0
S:2:9:13,S,2,9,13,s,18,0
S:2:9:14,S,2,9,14,s,18,0
S:2:9:15,S,2,9,15,s,18,0
S:3:9:1,S,3,9,1,s,18,0
S:3:9:2,S,3,9,2,s,18,0
S:3:9:3,S,3,9,3,s,18,0
S:3:9:4,S,3,9,4,s,18,0
S:3:9:5,S,3,9,5,s,18,0
S:3:9:6,S,3,9,6,s,18,0
S:3:9:7,S,3,9,7,s,18,0
S:3:9:8,S,3,9,8,s,18,0
S:3:9:9,S,3,9,9,s,18,0
S:3:9:10,S,3,9,10,s,18,0
S:3:9:11,S,3,9,11,s,18,0
S:3:9:12,S,3,9,12,s,18,0
S:3:9:13,S,3,9,13,s,18,0
S:3:9:14,S,3,9,14,s,18,0
S:3:9:15,S,3,9,15,s,18,0
S:4:9:1,S,4,9,1,s,18,0
S:4:9:2,S,4,9,2,s,18,0
S:4:9:3,S,4,9,3,s,18,0
S:4:9:4,S,4,9,4,s,18,0
S:4:9:5,S,4,9,5,s,18,0
S:4:9:6,S,4,9,6,s,18,0
S:4:9:7,S,4,9,7,s,18,0
S:4:9:8,S,4,9,8,s,18,0
S:4:9:9,S,4,9,9,s,18,0
S:4:9:10,S,4,9,10,s,18,0
S:4:9:11,S,4,9,11,s,18,0
S:4:9:12,S,4,9,12,s,18,0
S:4:9:13,S,4,9,13,s,18,0
S:4:9:14,S,4,9,14,s,18,0
S:4:9:15,S,4,9,15,s,18,0
S:5:9:1,S,5,9,1,s,18,0
S:5:9:2,S,5,9,2,s,18,0
S:5:9:3,S,5,9,3,s,18,0
S:5:9:4,S,5,9,4,s,18,0
S:5:9:5,S,5,9,5,s,18,0
S:5:9:6,S,5,9,6,s,18,0
S:5:9:7,S,5,9,7,s,18,0
S:5:9:8,S,5,9,8,s,18,0
S:5:9:9,S,5,9,9,s,18,0
S:5:9:10,S,5,9,10,s,18,0
S:5:9:11,S,5,9,11,s,18,0
S:5:9:12,S,5,9,12,s,18,0
S:5:9:13,S,5,9,13,s,18,0
S:5:9:14,S,5,9,14,s,18,0
S:5:9:15,S,5,9,15,s,18,0
S:6:9:1,S,6,9,1,s,18,0
S:6:9:2,S,6,9,2,s,18,0
S:6:9:3,S,6,9,3,s,18,0
S:6:9:4,S,6,9,4,s,18,0
S:6:9:5,S,6,9,5,s,18,0
S:6:9:6,S,6,9,6,s,18,0
S:6:9:7,S,6,9,7,s,18,0
S:6:9:8,S,6,9,8,s,18,0
S:6:9:9,S,6,9,9,s,18,0
S:6:9:10,S,6,9,10,s,18,0
S:6:9:11,S,6,9,11,s,18,0
S:6:9:12,S,6,9,12,s,18,0
S:6:9:13,S,6,9,13,s,18,0
S:6:9:14,S,6,9,14,s,18,0
S:6:9:15,S,6,9,15,s,18,0
S:7:9:1,S,7,9,1,K,18,0
S:7:9:2,S,7,9,2,K,18,0
S:7:9:3,S,7,9,3,K,18,0
S:7:9:4,S,7,9,4,K,18,0
S:7:9:5,S,7,9,5,K,18,0
S:7:9:6,S,7,9,6,K,18,0
S:7:9:7,S,7,9,7,K,18,0
S:7:9:8,S,7,9,8,K,18,0
S:7:9:9,S,7,9,9,K,18,0
S:7:9:10,S,7,9,10,K,18,0
S:7:9:11,S,7,9,11,K,18,0
S:7:9:12,S,7,9,12,K,18,0
S:7:9:13,S,7,9,13,K,18,0
S:7:9:14,S,7,9,14,K,18,0
S:7:9:15,S,7,9,15,K,18,0
S:8:9:1,S,8,9,1,K,18,0
S:8:9:2,S,8,9,2,K,18,0
S:8:9:3,S,8,9,3,K,18,0
S:8:9:4,S,8,9,4,K,18,0
S:8:9:5,S,8,9,5,K,18,0
S:8:9:6,S,8,9,6,K,18,0
S:8:9:7,S,8,9,7,K,18,0
S:8:9:8,S,8,9,8,K,18,0
S:8:9:9,S,8,9,9,K,18,0
S:8:9:10,S,8,9,10,K,18,0
S:8:9:11,S,8,9,11,K,18,0
S:8:9:12,S,8,9,12,K,18,0
S:8:9:13,S,8,9,13,K,18,0
S:8:9:14,S,8,9,14,K,18,0
S:8:9:15,S,8,9,15,K,18,0
S:9:9:1,S,9,9,1,K,18,0
S:9:9:2,S,9,9,2,K,18,0
S:9:9:3,S,9,9,3,K,18,0
S:9:9:4,S,9,9,4,K,18,0
S:9:9:5,S,9,9,5,K,18,0
S:9:9:6,S,9,9,6,K,18,0
S:9:9:7,S,9,9,7,K,18,0
S:9:9:8,S,9,9,8,K,18,0
S:9:9:9,S,9,9,9,K,18,0
S:9:9:10,S,9,9,10,K,18,0
S:9:9:11,S,9,9,11,K,18,0
S:9:9:12,S,9,9,12,K,18,0
S:9:9:13,S,9,9,13,K,18,0
S:9:9:14,S,9,9,14,K,18,0
S:9:9:15,S,9,9,15,K,18,0
3:R1:A:12,3,R1,A,12,a,17,0
3:R1:A:13,3,R1,A,13,a,17,0
3:R1:A:14,3,R1,A,14,a,17,0
3:R1:A:15,3,R1,A,15,a,17,0
3:R1:A:16,3,R1,A,16,a,17,0
3:R1:A:17,3,R1,A,17,a,17,0
3:R2:A:1,3,R2,A,1,a,17,0
3:R2:A:2,3,R2,A,2,a,17,0
3:R2:A:3,3,R2,A,3,a,17,0
3:R2:A:4,3,R2,A,4,a,17,0
3:R2:A:5,3,R2,A,5,a,17,0
3:R2:A:6,3,R2,A,6,a,17,0
3:R2:A:7,3,R2,A,7,a,17,0
3:R2:A:8,3,R2,A,8,a,17,0
3:R2:A:9,3,R2,A,9,a,17,0
3:R2:A:10,3,R2,A,10,a,17,0
3:R2:A:11,3,R2,A,11,a,17,0
3:R2:A:12,3,R2,A,12,a,17,0
3:R2:A:13,3,R2,A,13,a,17,0
3:R2:A:14,3,R2,A,14,a,17,0
3:R2:A:15,3,R2,A,15,a,17,0
3:R2:A:16,3,R2,A,16,a,17,0
3:R2:A:17,3,R2,A,17,a,17,0
3:R3:A:1,3,R3,A,1,a,17,0
3:R3:A:2,3,R3,A,2,a,17,0
3:R3:A:3,3,R3,A,3,a,17,0
3:R3:A:4,3,R3,A,4,a,17,0
3:R3:A:5,3,R3,A,5,a,17,0
3:R3:A:6,3,R3,A,6,a,17,0
3:R3:A:7,3,R3,A,7,a,17,0
3:R3:A:8,3,R3,A,8,a,17,0
3:R3:A:9,3,R3,A,9,a,17,0
3:R3:A:10,3,R3,A,10,a,17,0
3:R3:A:11,3,R3,A,11,a,17,0
3:R3:A:12,3,R3,A,12,a,17,0
3:R3:A:13,3,R3,A,13,a,17,0
3:R3:A:14,3,R3,A,14,a,17,0
3:R3:A:15,3,R3,A,15,a,17,0
3:R3:A:16,3,R3,A,16,a,17,0
3:301:A:1,3,301,A,1,a,17,0
3:301:A:2,3,301,A,2,a,17,0
3:301:A:3,3,301,A,3,a,17,0
3:301:A:4,3,301,A,4,a,17,0
3:301:A:5,3,301,A,5,a,17,0
3:301:A:6,3,301,A,6,a,17,0
3:301:A:7,3,301,A,7,a,17,0
3:301:A:8,3,301,A,8,a,17,0
3:301:A:9,3,301,A,9,a,17,0
3:301:A:10,3,301,A,10,a,17,0
3:301:A:11,3,301,A,11,a,17,0
3:301:A:12,3,301,A,12,a,17,0
3:301:A:13,3,301,A,13,a,17,0
3:301:A:14,3,301,A,14,a,17,0
3:301:A:15,3,301,A,15,a,17,0
3:302:A:1,3,302,A,1,a,17,0
3:302:A:2,3,302,A,2,a,17,0
3:302:A:3,3,302,A,3,a,17,0
3:302:A:4,3,302,A,4,a,17,0
3:302:A:5,3,302,A,5,a,17,0
3:302:A:6,3,302,A,6,a,17,0
3:302:A:7,3,302,A,7,a,17,0
3:302:A:8,3,302,A,8,a,17,0
3:302:A:9,3,302,A,9,a,17,0
3:302:A:10,3,302,A,10,a,17,0
3:302:A:11,3,302,A,11,a,17,0
3:302:A:12,3,302,A,12,a,17,0
3:302:A:13,3,302,A,13,a,17,0
3:302:A:14,3,302,A,14,a,17,0
3:R1:A:8,3,R1,A,8,a,17,0
3:R1:A:9,3,R1,A,9,a,17,0
3:R1:A:10,3,R1,A,10,a,17,0
3:R1:A:11,3,R1,A,11,a,17,0
3:R1:A:1,3,R1,A,1,a,17,0
3:R1:A:2,3,R1,A,2,a,17,0
3:R1:A:3,3,R1,A,3,a,17,0
3:R1:A:4,3,R1,A,4,a,17,0
3:R1:A:5,3,R1,A,5,a,17,0
3:R1:A:6,3,R1,A,6,a,17,0
3:R1:A:7,3,R1,A,7,a,17,0
3:301:B:1,3,301,B,1,a,17,0
3:301:B:2,3,301,B,2,a,17,0
3:301:B:3,3,301,B,3,a,17,0
3:301:B:4,3,301,B,4,a,17,0
3:301:B:5,3,301,B,5,a,17,0
3:301:B:6,3,301,B,6,a,17,0
3:301:B:7,3,301,B,7,a,17,0
3:301:B:8,3,301,B,8,a,17,0
3:301:B:9,3,301,B,9,a,17,0
3:301:B:10,3,301,B,10,a,17,0
3:301:B:11,3,301,B,11,a,17,0
3:301:B:12,3,301,B,12,a,17,0
3:301:B:13,3,301,B,13,a,17,0
3:301:B:14,3,301,B,14,a,17,0
3:301:B:15,3,301,B,15,a,17,0
3:301:B:16,3,301,B,16,a,17,0
3:301:B:17,3,301,B,17,a,17,0
3:302:B:1,3,302,B,1,a,17,0
3:302:B:2,3,302,B,2,a,17,0
3:302:B:3,3,302,B,3,a,17,0
3:302:B:4,3,302,B,4,a,17,0
3:302:B:5,3,302,B,5,a,17,0
3:302:B:6,3,302,B,6,a,17,0
3:302:B:7,3,302,B,7,a,17,0
3:302:B:8,3,302,B,8,a,17,0
3:302:B:9,3,302,B,9,a,17,0
3:302:B:10,3,302,B,10,a,17,0
3:302:B:11,3,302,B,11,a,17,0
3:302:B:12,3,302,B,12,a,17,0
3:302:B:13,3,302,B,13,a,17,0
3:302:B:14,3,302,B,14,a,17,0
3:302:B:15,3,302,B,15,a,17,0
3:302:B:16,3,302,B,16,a,17,0
3:R1:B:1,3,R1,B,1,a,17,0
3:R1:B:2,3,R1,B,2,a,17,0
3:R1:B:3,3,R1,B,3,a,17,0
3:R1:B:4,3,R1,B,4,a,17,0
3:R1:B:5,3,R1,B,5,a,17,0
3:R1:B:6,3,R1,B,6,a,17,0
3:R1:B:7,3,R1,B,7,a,17,0
3:R1:B:8,3,R1,B,8,a,17,0
3:R1:B:9,3,R1,B,9,a,17,0
3:R1:B:10,3,R1,B,10,a,17,0
3:R1:B:11,3,R1,B,11,a,17,0
3:R1:B:12,3,R1,B,12,a,17,0
3:R1:B:13,3,R1,B,13,a,17,0
3:R1:B:14,3,R1,B,14,a,17,0
3:R1:B:15,3,R1,B,15,a,17,0
3:R1:B:16,3,R1,B,16,a,17,0
3:R1:B:17,3,R1,B,17,a,17,0
3:R2:B:1,3,R2,B,1,a,17,0
3:R2:B:2,3,R2,B,2,a,17,0
3:R2:B:3,3,R2,B,3,a,17,0
3:R2:B:4,3,R2,B,4,a,17,0
3:R2:B:5,3,R2,B,5,a,17,0
3:R2:B:6,3,R2,B,6,a,17,0
3:R2:B:7,3,R2,B,7,a,17,0
3:R2:B:8,3,R2,B,8,a,17,0
3:R2:B:9,3,R2,B,9,a,17,0
3:R2:B:10,3,R2,B,10,a,17,0
3:R2:B:11,3,R2,B,11,a,17,0
3:R2:B:12,3,R2,B,12,a,17,0
3:R2:B:13,3,R2,B,13,a,17,0
3:R2:B:14,3,R2,B,14,a,17,0
3:R2:B:15,3,R2,B,15,a,17,0
3:R2:B:16,3,R2,B,16,a,17,0
3:R2:B:17,3,R2,B,17,a,17,0
3:R3:B:1,3,R3,B,1,a,17,0
3:R3:B:2,3,R3,B,2,a,17,0
3:R3:B:3,3,R3,B,3,a,17,0
3:R3:B:4,3,R3,B,4,a,17,0
3:R3:B:5,3,R3,B,5,a,17,0
3:R3:B:6,3,R3,B,6,a,17,0
3:R3:B:7,3,R3,B,7,a,17,0
3:R3:B:8,3,R3,B,8,a,17,0
3:R3:B:9,3,R3,B,9,a,17,0
3:R3:B:10,3,R3,B,10,a,17,0
3:R3:B:11,3,R3,B,11,a,17,0
3:R3:B:12,3,R3,B,12,a,17,0
3:R3:B:13,3,R3,B,13,a,17,0
3:R3:B:14,3,R3,B,14,a,17,0
3:R3:B:15,3,R3,B,15,a,17,0
3:R3:B:16,3,R3,B,16,a,17,0
3:301:C:1,3,301,C,1,a,17,0
3:301:C:2,3,301,C,2,a,17,0
3:301:C:3,3,301,C,3,a,17,0
3:301:C:4,3,301,C,4,a,17,0
3:301:C:5,3,301,C,5,a,17,0
3:301:C:6,3,301,C,6,a,17,0
3:301:C:7,3,301,C,7,a,17,0
3:301:C:8,3,301,C,8,a,17,0
3:301:C:9,3,301,C,9,a,17,0
3:301:C:10,3,301,C,10,a,17,0
3:301:C:11,3,301,C,11,a,17,0
3:301:C:12,3,301,C,12,a,17,0
3:301:C:13,3,301,C,13,a,17,0
3:301:C:14,3,301,C,14,a,17,0
3:301:C:15,3,301,C,15,a,17,0
3:301:C:16,3,301,C,16,a,17,0
3:301:C:17,3,301,C,17,a,17,0
3:301:C:18,3,301,C,18,a,17,0
3:302:C:1,3,302,C,1,a,17,0
3:302:C:2,3,302,C,2,a,17,0
3:302:C:3,3,302,C,3,a,17,0
3:302:C:4,3,302,C,4,a,17,0
3:302:C:5,3,302,C,5,a,17,0
3:302:C:6,3,302,C,6,a,17,0
3:302:C:7,3,302,C,7,a,17,0
3:302:C:8,3,302,C,8,a,17,0
3:302:C:9,3,302,C,9,a,17,0
3:302:C:10,3,302,C,10,a,17,0
3:302:C:11,3,302,C,11,a,17,0
3:302:C:12,3,302,C,12,a,17,0
3:302:C:13,3,302,C,13,a,17,0
3:302:C:14,3,302,C,14,a,17,0
3:302:C:15,3,302,C,15,a,17,0
3:302:C:16,3,302,C,16,a,17,0
3:302:C:17,3,302,C,17,a,17,0
3:302:C:18,3,302,C,18,a,17,0
3:R1:C:1,3,R1,C,1,a,17,0
3:R1:C:2,3,R1,C,2,a,17,0
3:R1:C:3,3,R1,C,3,a,17,0
3:R1:C:4,3,R1,C,4,a,17,0
3:R1:C:5,3,R1,C,5,a,17,0
3:R1:C:6,3,R1,C,6,a,17,0
3:R1:C:7,3,R1,C,7,a,17,0
3:R1:C:8,3,R1,C,8,a,17,0
3:R1:C:9,3,R1,C,9,a,17,0
3:R1:C:10,3,R1,C,10,a,17,0
3:R1:C:11,3,R1,C,11,a,17,0
3:R1:C:12,3,R1,C,12,a,17,0
3:R1:C:13,3,R1,C,13,a,17,0
3:R1:C:14,3,R1,C,14,a,17,0
3:R1:C:15,3,R1,C,15,a,17,0
3:R1:C:16,3,R1,C,16,a,17,0
3:R1:C:17,3,R1,C,17,a,17,0
3:R2:C:1,3,R2,C,1,a,17,0
3:R2:C:2,3,R2,C,2,a,17,0
3:R2:C:3,3,R2,C,3,a,17,0
3:R2:C:4,3,R2,C,4,a,17,0
3:R2:C:5,3,R2,C,5,a,17,0
3:R2:C:6,3,R2,C,6,a,17,0
3:R2:C:7,3,R2,C,7,a,17,0
3:R2:C:8,3,R2,C,8,a,17,0
3:R2:C:9,3,R2,C,9,a,17,0
3:R2:C:10,3,R2,C,10,a,17,0
3:R2:C:11,3,R2,C,11,a,17,0
3:R2:C:12,3,R2,C,12,a,17,0
3:R2:C:13,3,R2,C,13,a,17,0
3:R2:C:14,3,R2,C,14,a,17,0
3:R2:C:15,3,R2,C,15,a,17,0
3:R2:C:16,3,R2,C,16,a,17,0
3:R2:C:17,3,R2,C,17,a,17,0
3:R3:C:1,3,R3,C,1,a,17,0
3:R3:C:2,3,R3,C,2,a,17,0
3:R3:C:3,3,R3,C,3,a,17,0
3:R3:C:4,3,R3,C,4,a,17,0
3:R3:C:5,3,R3,C,5,a,17,0
3:R3:C:6,3,R3,C,6,a,17,0
3:R3:C:7,3,R3,C,7,a,17,0
3:R3:C:8,3,R3,C,8,a,17,0
3:R3:C:9,3,R3,C,9,a,17,0
3:R3:C:10,3,R3,C,10,a,17,0
3:R3:C:11,3,R3,C,11,a,17,0
3:R3:C:12,3,R3,C,12,a,17,0
3:R3:C:13,3,R3,C,13,a,17,0
3:R3:C:14,3,R3,C,14,a,17,0
3:R3:C:15,3,R3,C,15,a,17,0
3:R3:C:16,3,R3,C,16,a,17,0
3:301:D:1,3,301,D,1,a,17,0
3:301:D:2,3,301,D,2,a,17,0
3:301:D:3,3,301,D,3,a,17,0
3:301:D:4,3,301,D,4,a,17,0
3:301:D:5,3,301,D,5,a,17,0
3:301:D:6,3,301,D,6,a,17,0
3:301:D:7,3,301,D,7,a,17,0
3:301:D:8,3,301,D,8,a,17,0
3:301:D:9,3,301,D,9,a,17,0
3:301:D:10,3,301,D,10,a,17,0
3:301:D:11,3,301,D,11,a,17,0
3:301:D:12,3,301,D,12,a,17,0
3:301:D:13,3,301,D,13,a,17,0
3:301:D:14,3,301,D,14,a,17,0
3:301:D:15,3,301,D,15,a,17,0
3:301:D:16,3,301,D,16,a,17,0
3:301:D:17,3,301,D,17,a,17,0
3:301:D:18,3,301,D,18,a,17,0
3:301:D:19,3,301,D,19,a,17,0
3:R1:D:1,3,R1,D,1,a,17,0
3:R1:D:2,3,R1,D,2,a,17,0
3:R1:D:3,3,R1,D,3,a,17,0
3:R1:D:4,3,R1,D,4,a,17,0
3:R1:D:5,3,R1,D,5,a,17,0
3:R1:D:6,3,R1,D,6,a,17,0
3:R1:D:7,3,R1,D,7,a,17,0
3:R1:D:8,3,R1,D,8,a,17,0
3:R1:D:9,3,R1,D,9,a,17,0
3:R1:D:10,3,R1,D,10,a,17,0
3:R1:D:11,3,R1,D,11,a,17,0
3:R1:D:12,3,R1,D,12,a,17,0
3:R1:D:13,3,R1,D,13,a,17,0
3:R1:D:14,3,R1,D,14,a,17,0
3:R1:D:15,3,R1,D,15,a,17,0
3:R1:D:16,3,R1,D,16,a,17,0
3:R1:D:17,3,R1,D,17,a,17,0
3:R2:D:1,3,R2,D,1,a,17,0
3:R2:D:2,3,R2,D,2,a,17,0
3:R2:D:3,3,R2,D,3,a,17,0
3:R2:D:4,3,R2,D,4,a,17,0
3:R2:D:5,3,R2,D,5,a,17,0
3:R2:D:6,3,R2,D,6,a,17,0
3:R2:D:7,3,R2,D,7,a,17,0
3:R2:D:8,3,R2,D,8,a,17,0
3:R2:D:9,3,R2,D,9,a,17,0
3:R2:D:10,3,R2,D,10,a,17,0
3:R2:D:11,3,R2,D,11,a,17,0
3:R2:D:12,3,R2,D,12,a,17,0
3:R2:D:13,3,R2,D,13,a,17,0
3:R2:D:14,3,R2,D,14,a,17,0
3:R2:D:15,3,R2,D,15,a,17,0
3:R2:D:16,3,R2,D,16,a,17,0
3:R2:D:17,3,R2,D,17,a,17,0
3:R3:D:1,3,R3,D,1,a,17,0
3:R3:D:2,3,R3,D,2,a,17,0
3:R3:D:3,3,R3,D,3,a,17,0
3:R3:D:4,3,R3,D,4,a,17,0
3:R3:D:5,3,R3,D,5,a,17,0
3:R3:D:6,3,R3,D,6,a,17,0
3:R3:D:7,3,R3,D,7,a,17,0
3:R3:D:8,3,R3,D,8,a,17,0
3:R3:D:9,3,R3,D,9,a,17,0
3:R3:D:10,3,R3,D,10,a,17,0
3:R3:D:11,3,R3,D,11,a,17,0
3:R3:D:12,3,R3,D,12,a,17,0
3:R3:D:13,3,R3,D,13,a,17,0
3:R3:D:14,3,R3,D,14,a,17,0
3:R3:D:15,3,R3,D,15,a,17,0
3:R3:D:16,3,R3,D,16,a,17,0
3:301:E:1,3,301,E,1,a,17,0
3:301:E:2,3,301,E,2,a,17,0
3:301:E:3,3,301,E,3,a,17,0
3:301:E:4,3,301,E,4,a,17,0
3:301:E:5,3,301,E,5,a,17,0
3:301:E:6,3,301,E,6,a,17,0
3:301:E:7,3,301,E,7,a,17,0
3:301:E:8,3,301,E,8,a,17,0
3:301:E:9,3,301,E,9,a,17,0
3:301:E:10,3,301,E,10,a,17,0
3:301:E:11,3,301,E,11,a,17,0
3:301:E:12,3,301,E,12,a,17,0
3:301:E:13,3,301,E,13,a,17,0
3:301:E:14,3,301,E,14,a,17,0
3:301:E:15,3,301,E,15,a,17,0
3:301:E:16,3,301,E,16,a,17,0
3:301:E:17,3,301,E,17,a,17,0
3:301:E:18,3,301,E,18,a,17,0
3:301:E:19,3,301,E,19,a,17,0
3:301:E:20,3,301,E,20,a,17,0
3:301:E:21,3,301,E,21,a,17,0
3:301:E:22,3,301,E,22,a,17,0
3:301:E:23,3,301,E,23,a,17,0
3:301:E:24,3,301,E,24,a,17,0
3:R1:E:1,3,R1,E,1,a,17,0
3:R1:E:2,3,R1,E,2,a,17,0
3:R1:E:3,3,R1,E,3,a,17,0
3:R1:E:4,3,R1,E,4,a,17,0
3:R1:E:5,3,R1,E,5,a,17,0
3:R1:E:6,3,R1,E,6,a,17,0
3:R1:E:7,3,R1,E,7,a,17,0
3:R1:E:8,3,R1,E,8,a,17,0
3:R1:E:9,3,R1,E,9,a,17,0
3:R1:E:10,3,R1,E,10,a,17,0
3:R1:E:11,3,R1,E,11,a,17,0
3:R1:E:12,3,R1,E,12,a,17,0
3:R1:E:13,3,R1,E,13,a,17,0
3:R1:E:14,3,R1,E,14,a,17,0
3:R1:E:15,3,R1,E,15,a,17,0
3:R1:E:16,3,R1,E,16,a,17,0
3:R1:E:17,3,R1,E,17,a,17,0
3:R2:E:1,3,R2,E,1,a,17,0
3:R2:E:2,3,R2,E,2,a,17,0
3:R2:E:3,3,R2,E,3,a,17,0
3:R2:E:4,3,R2,E,4,a,17,0
3:R2:E:5,3,R2,E,5,a,17,0
3:R2:E:6,3,R2,E,6,a,17,0
3:R2:E:7,3,R2,E,7,a,17,0
3:R2:E:8,3,R2,E,8,a,17,0
3:R2:E:9,3,R2,E,9,a,17,0
3:R2:E:10,3,R2,E,10,a,17,0
3:R2:E:11,3,R2,E,11,a,17,0
3:R2:E:12,3,R2,E,12,a,17,0
3:R2:E:13,3,R2,E,13,a,17,0
3:R2:E:14,3,R2,E,14,a,17,0
3:R2:E:15,3,R2,E,15,a,17,0
3:R2:E:16,3,R2,E,16,a,17,0
3:R2:E:17,3,R2,E,17,a,17,0
3:R3:E:1,3,R3,E,1,a,17,0
3:R3:E:2,3,R3,E,2,a,17,0
3:R3:E:3,3,R3,E,3,a,17,0
3:R3:E:4,3,R3,E,4,a,17,0
3:R3:E:5,3,R3,E,5,a,17,0
3:R3:E:6,3,R3,E,6,a,17,0
3:R3:E:7,3,R3,E,7,a,17,0
3:R3:E:8,3,R3,E,8,a,17,0
3:R3:E:9,3,R3,E,9,a,17,0
3:R3:E:10,3,R3,E,10,a,17,0
3:R3:E:11,3,R3,E,11,a,17,0
3:R3:E:12,3,R3,E,12,a,17,0
3:R3:E:13,3,R3,E,13,a,17,0
3:R3:E:14,3,R3,E,14,a,17,0
3:R3:E:15,3,R3,E,15,a,17,0
3:R3:E:16,3,R3,E,16,a,17,0
